Comment ID,Country,Comment,Keywords,Topic,Sentiment
1,Australia,Renewable energy is the future. We need more government support for solar panels!,"renewable energy, solar panels",Government Incentives,Positive
1,India,"Wind energy is great, but it's too expensive for the average person in rural areas.","wind energy, expensive, rural",Cost,Negative
1,China,The government should invest more in renewable energy to reduce pollution in big cities.,"renewable energy, pollution",Environmental Impact,Positive
1,Singapore,I'm concerned that switching to renewable energy will increase my electricity bill.,"renewable energy, electricity bill",Cost,Negative
1,Australia,"We’ve got abundant sunlight; investing in solar is a no-brainer, but we need better tech.","solar, abundant sunlight, tech",Technological Feasibility,Positive
1,India,"Hydropower could help us manage energy shortages, but is it sustainable long-term?","hydropower, energy shortages",Sustainability,Neutral
1,China,I hope the government focuses more on wind farms instead of coal plants.,"wind farms, coal plants",Environmental Impact,Positive
1,Singapore,Why are there no tax breaks for companies investing in renewable energy?,"tax breaks, renewable energy",Government Incentives,Negative
1,Australia,It's time for us to embrace electric vehicles alongside our renewable energy goals.,"electric vehicles, renewable",Technological Feasibility,Positive
1,India,"Solar farms could bring jobs to rural areas, but it's too expensive for the government.","solar farms, jobs, rural",Economic Impact,Neutral
1,Australia,Renewable energy is the future. We need more government support for solar panels!,"renewable energy, solar panels",Government Incentives,Positive
1,Australia,It's time for us to embrace electric vehicles alongside our renewable energy goals.,"electric vehicles, renewable",Technological Feasibility,Positive
1,Australia,"We’ve got abundant sunlight; investing in solar is a no-brainer, but we need better tech.","solar, abundant sunlight, tech",Technological Feasibility,Positive
1,Australia,"Wind energy can work in Australia, but the high upfront costs are a concern.","wind energy, high costs",Cost,Negative
1,Australia,"The government is doing a good job with solar subsidies, but it’s not enough to cover installation costs.","solar subsidies, installation costs",Government Incentives,Neutral
1,Australia,"Coal still has a place in our energy mix, we can't rely entirely on renewables yet.","coal, renewable energy",Sustainability,Negative
1,Australia,"I’m excited about solar and wind farms, but they should be more affordable for the average household.","solar, wind farms, affordable",Cost,Positive
1,Australia,It's frustrating that renewable energy solutions are taking so long to implement on a national scale.,"renewable energy, national scale",Technological Feasibility,Negative
1,Australia,"The environmental benefits of wind and solar energy are clear, but how about the cost to the economy?","environmental benefits, wind, solar",Economic Impact,Neutral
1,Australia,Why is the government still giving subsidies to fossil fuels when we need renewable energy investment?,"fossil fuels, subsidies, renewable energy",Government Incentives,Negative
1,Australia,"Solar energy could reduce our power bills, but we need better infrastructure.","solar energy, power bills, infrastructure",Technological Feasibility,Positive
1,Australia,The cost of renewable energy tech needs to come down before we can go 100% green.,"renewable energy, tech cost, green",Cost,Neutral
1,Australia,Why isn't there more media coverage about the positive impact of renewables?,"media, renewable energy, positive impact",Public Awareness,Negative
1,Australia,Hydropower could be a viable solution in Australia’s rural areas.,"hydropower, rural areas, viable",Technological Feasibility,Positive
1,Australia,"Investing in renewables is great, but we should also consider nuclear energy as an option.","renewables, nuclear energy, investment",Sustainability,Neutral
1,Australia,I'm concerned that the government is not moving fast enough on renewable energy targets.,"renewable energy, government targets",Government Incentives,Negative
1,Australia,Australia should lead the world in solar energy; we have the natural resources for it.,"solar energy, world leader, natural resources",Technological Feasibility,Positive
1,Australia,"Rural areas could benefit from wind energy, but there are concerns about wildlife impact.","wind energy, rural areas, wildlife impact",Environmental Impact,Neutral
1,Australia,"Renewable energy will create new jobs, especially in solar and wind industries.","renewable energy, jobs, solar, wind",Economic Impact,Positive
1,Australia,There should be more tax incentives for businesses investing in clean energy solutions.,"tax incentives, businesses, clean energy",Government Incentives,Positive
1,India,"Wind energy is great, but it's too expensive for the average person in rural areas.","wind energy, expensive, rural",Cost,Negative
1,India,"Hydropower could help us manage energy shortages, but is it sustainable long-term?","hydropower, energy shortages",Sustainability,Neutral
1,India,"Solar farms could bring jobs to rural areas, but it's too expensive for the government.","solar farms, jobs, rural",Economic Impact,Neutral
1,India,The government should provide more subsidies for solar panels to make them affordable.,"solar panels, subsidies, affordable",Government Incentives,Positive
1,India,We need more government support to build wind farms in the desert regions.,"wind farms, government support, desert",Government Incentives,
1,India,"Wind energy is great, but it's too expensive for the average person in rural areas.","wind energy, expensive, rural",Cost,Negative
1,India,"Hydropower could help us manage energy shortages, but is it sustainable long-term?","hydropower, energy shortages",Sustainability,Neutral
1,India,"Solar farms could bring jobs to rural areas, but it's too expensive for the government.","solar farms, jobs, rural",Economic Impact,Neutral
1,India,The government should provide more subsidies for solar panels to make them affordable.,"solar panels, subsidies, affordable",Government Incentives,Positive
1,India,We need more government support to build wind farms in the desert regions.,"wind farms, government support, desert",Government Incentives,Positive
1,India,"Solar power could reduce our reliance on coal, but we need better technology to store energy.","solar power, reliance on coal, energy storage",Technological Feasibility,Neutral
1,India,"I think renewable energy is the way forward, but the initial costs are too high for families.","renewable energy, high costs, families",Cost,Negative
1,India,"Solar panels are a great investment for the future, but the upfront cost is a big barrier.","solar panels, investment, upfront cost",Cost,Neutral
1,India,"If the government invests in renewable energy, it will create new job opportunities in rural areas.","government investment, renewable energy, job opportunities",Economic Impact,Positive
1,India,Why is the government still giving subsidies to fossil fuels when solar is the future?,"fossil fuels, subsidies, solar future",Government Incentives,Negative
1,India,"Wind power is a good alternative, but it requires significant land, which is hard to find in urban areas.","wind power, land, urban areas",Technological Feasibility,Neutral
1,India,We need better infrastructure to support solar energy projects across the country.,"solar energy, infrastructure, projects",Technological Feasibility,Positive
1,India,"Solar energy can help reduce pollution in big cities, but it needs more government support.","solar energy, pollution, government support",Environmental Impact,Positive
1,India,The cost of renewable energy should be reduced for farmers to adopt solar power in rural areas.,"renewable energy, cost, farmers, rural",Cost,Negative
1,India,"Hydropower is a good option, but there are concerns about its impact on rivers and wildlife.","hydropower, rivers, wildlife impact",Environmental Impact,Neutral
1,India,The government should focus more on building wind farms to reduce our dependence on coal.,"wind farms, coal dependence, government focus",Environmental Impact,Positive
1,India,We need better education and awareness about the benefits of renewable energy in India.,"education, awareness, renewable energy benefits",Public Awareness,Neutral
1,India,"Solar power could be the solution to India's energy crisis, but we need better funding and incentives.","solar power, energy crisis, funding",Government Incentives,Positive
1,India,"The environmental benefits of solar power are clear, but more needs to be done to make it accessible.","solar power, environmental benefits, accessibility",Environmental Impact,Neutral
1,India,Rural electrification through renewable energy can create a sustainable future for India.,"rural electrification, renewable energy, sustainable future",Sustainability,Positive
1,Singapore,"Singapore should lead the region in renewable energy, especially with our advanced technology.","Singapore, renewable energy, advanced technology",Technological Feasibility,Positive
1,Singapore,"Solar panels on rooftops are a great idea, but the government needs to do more to incentivize adoption.","solar panels, rooftops, government incentives",Government Incentives,Positive
1,Singapore,"I think wind energy could be explored more, but the lack of space is a big challenge here.","wind energy, lack of space, challenge",Technological Feasibility,Neutral
1,Singapore,The government should provide more grants for businesses to adopt renewable energy solutions.,"government grants, businesses, renewable energy",Government Incentives,Positive
1,Singapore,We need to think about how renewable energy can be implemented without harming the environment.,"renewable energy, implementation, environment",Environmental Impact,Neutral
1,Singapore,"Solar farms could help Singapore reduce its reliance on imported energy, but it's expensive.","solar farms, imported energy, expensive",Cost,Negative
1,Singapore,"It’s great that the government is pushing for renewable energy, but more should be done to involve the private sector.","government, renewable energy, private sector",Government Incentives,Neutral
1,Singapore,"I like the idea of renewable energy, but the costs are a huge barrier for small businesses.","renewable energy, costs, small businesses",Cost,Negative
1,Singapore,"We have the technology to move towards 100% renewable energy, but the policies are not moving fast enough.","renewable energy, technology, slow policies",Government Incentives,Negative
1,Singapore,"Rooftop solar is a great initiative in Singapore, but we need better financing options to make it accessible for all.","rooftop solar, financing options, accessible",Cost,Neutral
1,Singapore,Why is the government still considering fossil fuels when we have viable renewable options?,"government, fossil fuels, renewable options",Government Incentives,Negative
1,Singapore,"Singapore could be a leader in clean energy, but the public needs more education about the benefits of renewables.","Singapore, clean energy, public education",Public Awareness,Neutral
1,Singapore,"The environmental benefits of solar power are obvious, but we need to address the high costs of installation.","solar power, environmental benefits, high costs",Cost,Neutral
1,Singapore,"If the government provides more support, renewable energy could become a major industry in Singapore.","government support, renewable energy, industry",Government Incentives,Positive
1,Singapore,"There’s not enough space for large-scale wind farms in Singapore, but we could focus on offshore wind.","wind farms, offshore, lack of space",Technological Feasibility,Neutral
1,Singapore,"The reliance on imported fossil fuels is worrying; renewable energy could be a solution, but we need better infrastructure.","fossil fuels, renewable energy, infrastructure",Sustainability,Negative
1,Singapore,"Singapore’s climate could be perfect for solar power, but we need more research into how to maximize efficiency.","solar power, climate, efficiency research",Technological Feasibility,Positive
1,Singapore,"I’m excited about the potential of renewable energy, but more government action is needed to push forward legislation.","renewable energy, government action, legislation",Government Incentives,Neutral
1,Singapore,"There are concerns about the impact of solar farms on wildlife, even in urban areas.","solar farms, wildlife, urban areas",Environmental Impact,Neutral
1,Singapore,"The government’s investment in renewable energy is encouraging, but public opinion is still divided on the costs involved.","government investment, renewable energy, public opinion, costs",Cost,Neutral
1,China,"China's investment in renewable energy has been impressive, but we need more focus on solar energy for homes.","renewable energy, investment, solar energy for homes",Government Incentives,Positive
1,China,"The government should encourage more wind farms, especially in the northern regions where there is potential.","wind farms, government encouragement, northern regions",Technological Feasibility,Positive
1,China,"Renewable energy will help reduce pollution, but transitioning away from coal will take time.","renewable energy, reduce pollution, coal transition",Sustainability,Neutral
1,China,"Solar energy is promising, but the initial costs are too high for the average family.","solar energy, high costs, average family",Cost,Negative
1,China,"The environmental benefits of wind and solar energy are clear, but infrastructure needs improvement.","wind energy, solar energy, environmental benefits, infrastructure",Technological Feasibility,Neutral
1,China,"China should lead the world in solar energy production, but we need to improve efficiency.","solar energy, world leader, improve efficiency",Technological Feasibility,Positive
1,China,"I’m excited about the future of renewable energy, but there’s too much reliance on government subsidies.","renewable energy, government subsidies, reliance",Government Incentives,Neutral
1,China,"Offshore wind farms could be a good solution, but what about the environmental impact on marine life?","offshore wind farms, environmental impact, marine life",Environmental Impact,Neutral
1,China,"Solar energy could reduce our dependency on fossil fuels, but the technology needs to be cheaper.","solar energy, dependency on fossil fuels, technology cost",Cost,Negative
1,China,"The government’s investment in renewable energy is great, but we need better financing options for small businesses.","government investment, renewable energy, financing options",Economic Impact,Positive
1,China,"Wind energy could be a game-changer for rural areas, but implementation is slow.","wind energy, rural areas, slow implementation",Technological Feasibility,Neutral
1,China,Why is the government still funding coal projects when renewables are the future?,"government funding, coal projects, renewables",Government Incentives,Negative
1,China,"China’s renewable energy potential is huge, but we need more public awareness campaigns to drive adoption.","renewable energy, public awareness, adoption",Public Awareness,Neutral
1,China,"Solar panels should be more affordable for urban areas, especially for low-income families.","solar panels, affordable, urban areas, low-income families",Cost,Negative
1,China,"Hydropower is a great option, but concerns about its impact on rivers and ecosystems are growing.","hydropower, impact on rivers, ecosystems",Environmental Impact,Neutral
1,China,"The renewable energy sector will create jobs, but we need better policies to support the transition.","renewable energy, job creation, policy support",Government Incentives,Positive
1,China,"The shift towards wind and solar is encouraging, but the economic impact on coal-dependent regions needs to be addressed.","wind energy, solar energy, economic impact, coal-dependent regions",Economic Impact,Neutral
1,China,"I’m optimistic about renewable energy, but we need better regulations to ensure fair competition in the market.","renewable energy, regulations, fair competition",Government Incentives,Neutral
1,China,China should invest more in research and development to improve solar panel efficiency.,"investment, research and development, solar panel efficiency",Technological Feasibility,Positive
1,China,"We should focus on renewable energy to reduce air pollution, but transitioning too quickly could hurt the economy.","renewable energy, air pollution, economy",Economic Impact,Neutral
1,Australia,The government needs to stop subsidizing coal and start investing more in solar energy.,"government, subsidizing coal, solar energy",Government Incentives,Negative
1,Australia,I believe solar panels should be mandatory on all new buildings in Australia.,"solar panels, mandatory, new buildings",Technological Feasibility,Positive
1,Australia,"Wind energy has huge potential in rural areas, but we need more infrastructure investments.","wind energy, rural areas, infrastructure investments",Technological Feasibility,Neutral
1,Australia,It’s disappointing that Australia is still behind in renewable energy adoption compared to other countries.,"Australia, behind, renewable energy adoption",Global Comparison,Negative
1,Australia,"Australia could be a leader in renewable energy, but the politics around coal are holding us back.","leader, renewable energy, politics, coal",Political Influence,Negative
1,Australia,"Solar energy is a great solution for Australia's sunny climate, but the upfront costs are too high for many families.","solar energy, sunny climate, upfront costs",Cost,Negative
1,Australia,We need to focus more on offshore wind projects to take advantage of our coastline.,"offshore wind, coastline, focus",Technological Feasibility,Neutral
1,Australia,The renewable energy sector will create more jobs than the coal industry ever could.,"renewable energy, job creation, coal industry",Economic Impact,Positive
1,Australia,Why are we still debating the use of coal when renewable energy is so clearly the future?,"coal, renewable energy, future",Political Influence,Negative
1,Australia,"If the government provided better incentives, more people would install solar panels on their homes.","government incentives, solar panels, homes",Government Incentives,Positive
1,Australia,"Australia’s renewable energy transition is too slow, and the reliance on fossil fuels is concerning.","renewable energy, slow transition, fossil fuels",Sustainability,Negative
1,Australia,"Hydropower is underutilized in Australia, but it has great potential for rural areas.","hydropower, underutilized, rural areas",Technological Feasibility,Neutral
1,Australia,"The environmental benefits of renewable energy are clear, but the government needs to do more to encourage adoption.","renewable energy, environmental benefits, government",Government Incentives,Neutral
1,Australia,We need better access to financing options to make renewable energy affordable for all Australians.,"renewable energy, financing options, affordable",Cost,Negative
1,Australia,"Solar farms are a good idea, but the land requirements could conflict with agriculture.","solar farms, land requirements, agriculture",Environmental Impact,Neutral
1,Australia,"Australia has plenty of sun and wind, yet we’re not doing enough to harness renewable energy.","sun, wind, renewable energy, not enough",Sustainability,Negative
1,Australia,The government should provide grants for small businesses to adopt renewable energy solutions.,"government grants, small businesses, renewable energy",Government Incentives,Positive
1,Australia,"Renewable energy could help reduce our reliance on fossil fuels, but it needs more political support.","renewable energy, fossil fuels, political support",Political Influence,Neutral
1,Australia,"Offshore wind farms would be perfect for Australia’s vast coastline, but the initial investments are too high.","offshore wind, coastline, initial investments",Cost,Negative
1,Australia,More public education is needed to explain the long-term benefits of renewable energy to Australians.,"public education, long-term benefits, renewable energy",Public Awareness,Neutral
1,Australia,Australia should invest in developing cheaper solar technology to speed up adoption.,"solar technology, cheaper, speed up adoption",Technological Feasibility,Positive
1,Australia,"The cost of solar panels is too high for most homeowners, even with government subsidies.","solar panels, high cost, homeowners, subsidies",Cost,Negative
1,Australia,I believe renewable energy will create a more sustainable future for Australia.,"renewable energy, sustainable future, Australia",Sustainability,Positive
1,Australia,"We need to transition to renewable energy, but coal still has a role to play in the short term.","renewable energy, transition, coal, short term",Political Influence,Neutral
1,Australia,It’s shocking that Australia is still approving new coal mines while talking about renewable energy.,"coal mines, renewable energy, approving",Political Influence,Negative
1,Australia,"Australia’s renewable energy policies are too inconsistent, making it hard for businesses to invest.","renewable energy, inconsistent policies, businesses",Government Incentives,Negative
1,Australia,Hydropower could be a great solution for regional areas with abundant water resources.,"hydropower, regional areas, water resources",Technological Feasibility,Positive
1,Australia,The renewable energy industry will generate far more long-term jobs than coal ever could.,"renewable energy, long-term jobs, coal",Economic Impact,Positive
1,Australia,"Solar energy is perfect for Australia’s climate, but the installation costs are prohibitive for many households.","solar energy, installation costs, households",Cost,Negative
1,Australia,"If Australia invested more in renewable energy, we could reduce our greenhouse gas emissions significantly.","renewable energy, greenhouse gas emissions, investment",Sustainability,Positive
1,Australia,The government should provide tax breaks to businesses that invest in renewable energy solutions.,"government, tax breaks, businesses, renewable energy",Government Incentives,Positive
1,Australia,"The renewable energy sector will be vital for Australia’s future economy, but we need stronger policies.","renewable energy, future economy, stronger policies",Government Incentives,Positive
1,Australia,We need more renewable energy projects in rural areas where there is space for solar and wind farms.,"renewable energy, rural areas, solar, wind farms",Technological Feasibility,Neutral
1,Australia,It’s time Australia made a serious commitment to renewable energy and phased out coal for good.,"renewable energy, serious commitment, coal, phased out",Political Influence,Negative
1,Australia,"The environmental impact of wind farms needs to be considered, especially on bird populations.","wind farms, environmental impact, bird populations",Environmental Impact,Neutral
1,Australia,Australia’s energy market is outdated and needs an overhaul to prioritize renewable sources.,"energy market, outdated, overhaul, renewable sources",Political Influence,Negative
1,Australia,We need more investment in renewable energy research and development to stay competitive globally.,"investment, renewable energy, research and development, globally competitive",Technological Feasibility,Positive
1,Australia,The government needs to provide more incentives for homeowners to switch to solar power.,"government incentives, homeowners, solar power",Government Incentives,Positive
1,Australia,Renewable energy will reduce our reliance on fossil fuels and create a cleaner environment for future generations.,"renewable energy, reliance on fossil fuels, cleaner environment",Sustainability,Positive
1,Australia,"It’s great that Australia is starting to adopt renewable energy, but we need to move faster.","renewable energy, adoption, move faster",Political Influence,Neutral
1,Australia,"Wind farms are a good solution, but their impact on local ecosystems needs more study.","wind farms, local ecosystems, more study",Environmental Impact,Neutral
1,Australia,"The cost of renewable energy infrastructure is too high, and that’s why Australia is lagging behind.","renewable energy, infrastructure, high cost, lagging behind",Cost,Negative
1,Australia,Renewable energy will play a huge role in Australia’s post-coal economy.,"renewable energy, post-coal economy, huge role",Economic Impact,Positive
1,Australia,We need to invest in cleaner energy to preserve Australia’s natural beauty for future generations.,"cleaner energy, natural beauty, future generations",Environmental Impact,Positive
1,Australia,"The renewable energy sector is growing, but the government’s focus on fossil fuels is holding us back.","renewable energy sector, government, fossil fuels, holding back",Political Influence,Negative
1,Australia,Solar and wind power will reduce Australia’s carbon footprint and provide a sustainable future.,"solar power, wind power, carbon footprint, sustainable future",Sustainability,Positive
1,Australia,Australia could be a renewable energy powerhouse if we invested more in R&D.,"renewable energy, powerhouse, R&D investment",Technological Feasibility,Positive
1,Australia,Offshore wind farms should be a priority for Australia’s renewable energy future.,"offshore wind farms, priority, renewable energy future",Technological Feasibility,Neutral
1,Australia,"The government’s renewable energy policy is too weak, we need stronger regulations to phase out coal.","renewable energy policy, weak, stronger regulations, coal phase out",Political Influence,Negative
1,Australia,"Solar power is the way forward for Australia, but the high initial costs are a barrier.","solar power, high initial costs, barrier",Cost,Negative
1,China,"China has made significant progress in renewable energy, but coal still dominates the energy mix.","renewable energy, coal, energy mix",Energy Mix,Neutral
1,China,"The government is investing heavily in wind and solar power, which is great for the future.","government investment, wind, solar power",Government Initiatives,Positive
1,China,It's impressive how China is leading the world in solar panel production.,"solar panel production, leading world",Global Leadership,Positive
1,China,"Renewable energy is growing fast, but we need more public awareness about its benefits.","renewable energy, growing fast, public awareness",Public Awareness,Neutral
1,China,"While renewable energy is important, the focus on economic growth makes it difficult to phase out coal.","renewable energy, economic growth, phase out coal",Economic Growth vs. Sustainability,Negative
1,China,Wind farms in China are an excellent step toward reducing our reliance on coal.,"wind farms, reliance on coal, reducing",Technological Progress,Positive
1,China,The cost of renewable energy infrastructure is still a challenge for many regions in China.,"renewable energy, infrastructure cost, challenge",Cost,Negative
1,China,China's investment in renewable energy is paving the way for a greener future.,"investment, renewable energy, greener future",Sustainability,Positive
1,China,"Hydropower is a key renewable resource, but it comes at the cost of environmental disruption.","hydropower, environmental disruption, renewable resource",Environmental Impact,Neutral
1,China,"It's great to see the government push for renewable energy, but there's still a long way to go.","renewable energy, government push, long way",Political Influence,Neutral
1,China,We need to reduce our dependence on fossil fuels and shift to cleaner energy sources.,"fossil fuels, cleaner energy, shift",Sustainability,Positive
1,China,"The government’s renewable energy policies are a positive step, but implementation is slow in some areas.","renewable energy, government policies, slow implementation",Government Initiatives,Neutral
1,China,"China's solar energy potential is enormous, but more investment is needed in storage solutions.","solar energy, investment, storage solutions",Technological Feasibility,Neutral
1,China,"The rapid expansion of wind energy is a good sign, but we need to balance it with environmental considerations.","wind energy, rapid expansion, environmental considerations",Environmental Impact,Neutral
1,China,"China is leading the world in renewable energy development, but air pollution remains a serious issue.","renewable energy, air pollution, leading world",Public Health,Negative
1,China,"Solar farms are popping up all over the country, helping to reduce reliance on coal.","solar farms, reliance on coal, reduce",Technological Progress,Positive
1,China,"The cost of renewable energy is still high for many rural regions, which limits adoption.","renewable energy, high cost, rural regions",Cost,Negative
1,China,"It's encouraging to see China investing in green energy, but we must also focus on reducing waste.","green energy, investment, reducing waste",Sustainability,Neutral
1,China,The government should introduce more incentives for businesses to adopt renewable energy solutions.,"government incentives, businesses, renewable energy",Government Initiatives,Positive
1,China,"While China is a global leader in renewable energy, coal still plays too big of a role in the economy.","renewable energy, coal, global leader",Energy Mix,Negative
1,China,"The environmental benefits of wind energy are undeniable, but we need to ensure it doesn't affect wildlife.","wind energy, environmental benefits, wildlife",Environmental Impact,Neutral
1,China,"It's clear that China's renewable energy transition is on track, but more education is needed for the public.","renewable energy, transition, education, public",Public Awareness,Neutral
1,China,"Solar energy is promising, but the pollution in many areas reduces its efficiency.","solar energy, pollution, efficiency",Environmental Impact,Negative
1,China,"China is committed to reducing its carbon footprint through renewable energy, but the pace needs to pick up.","carbon footprint, renewable energy, pace",Sustainability,Neutral
1,China,"The renewable energy sector is creating jobs, but we need more skilled workers in the industry.","renewable energy, jobs, skilled workers",Economic Impact,Positive
1,China,The integration of renewable energy into the national grid is a step in the right direction.,"renewable energy, national grid, integration",Technological Progress,Positive
1,China,"It's exciting to see advancements in renewable energy technology, but we must keep an eye on costs.","renewable energy, technology, costs",Cost,Neutral
1,China,"China's wind energy farms are expanding rapidly, but we need better infrastructure to support this growth.","wind energy, infrastructure, growth",Technological Feasibility,Neutral
1,China,"China's renewable energy efforts are impressive, but coal is still too deeply embedded in the economy.","renewable energy, coal, economy, embedded",Energy Mix,Negative
1,China,"The government's commitment to renewable energy is good, but we need stronger enforcement of environmental laws.","renewable energy, government commitment, environmental laws",Political Influence,Negative
1,China,"The price of solar panels has come down, but installation costs remain a barrier for many households.","solar panels, installation costs, barrier",Cost,Negative
1,China,"China's leadership in renewable energy is something to be proud of, but we need to reduce emissions faster.","renewable energy, leadership, emissions",Sustainability,Neutral
1,China,"The development of hydropower is important, but we can't ignore its impact on local ecosystems.","hydropower, local ecosystems, development",Environmental Impact,Negative
1,China,"Solar energy has a bright future in China, but more R&D is needed for energy storage technologies.","solar energy, future, R&D, energy storage",Technological Feasibility,Positive
1,China,"The government is making the right moves toward renewable energy, but local implementation needs more attention.","renewable energy, government moves, local implementation",Government Initiatives,Neutral
1,China,"Renewable energy is essential for the future, but coal is still too cheap for some regions to give up.","renewable energy, coal, cheap, give up",Cost,Negative
1,China,"It's encouraging to see China investing in solar and wind energy, but more focus is needed on energy efficiency.","solar energy, wind energy, energy efficiency",Sustainability,Neutral
1,China,"China's investment in wind energy is impressive, but more attention should be paid to energy storage solutions.","wind energy, investment, energy storage",Technological Feasibility,Neutral
1,China,"The push for renewable energy is necessary, but coal still plays too large a role in the economy.","renewable energy, coal, economy, large role",Energy Mix,Negative
1,China,More investment is needed in training workers for the renewable energy sector to keep up with demand.,"renewable energy, training workers, demand",Economic Impact,Positive
1,China,"It's great to see the rapid expansion of solar energy in China, but land availability is becoming a concern.","solar energy, expansion, land availability, concern",Environmental Impact,Neutral
1,China,"China's renewable energy sector is booming, but energy storage solutions need to catch up.","renewable energy, booming, energy storage",Technological Feasibility,Positive
1,China,"While renewable energy is the future, coal will still be part of the mix for the foreseeable future in China.","renewable energy, future, coal, part of mix",Energy Mix,Neutral
1,China,China should focus on increasing solar energy production in rural areas to support local economies.,"solar energy, rural areas, local economies",Technological Feasibility,Positive
1,China,"Wind energy is important, but the environmental impact of large wind farms needs to be studied more closely.","wind energy, environmental impact, large wind farms",Environmental Impact,Neutral
1,China,"The growth of China's renewable energy sector is positive, but coal power plants are still being built.","renewable energy, coal power plants, still built",Energy Mix,Negative
1,China,"China's investment in green energy is crucial for reducing air pollution, but enforcement of laws is needed.","green energy, air pollution, enforcement of laws",Public Health,Neutral
1,China,"The price of renewable energy is dropping, but further incentives are needed for widespread adoption.","renewable energy, price, incentives, adoption",Cost,Positive
1,China,"Solar energy is promising, but we need more focus on battery storage to ensure stable supply.","solar energy, battery storage, stable supply",Technological Feasibility,Neutral
1,China,"China's renewable energy transition is progressing well, but there's still a lot of coal use in some provinces.","renewable energy, transition, coal use, provinces",Energy Mix,Neutral
1,Singapore,"Singapore's focus on clean energy is crucial for future sustainability, but more incentives are needed.","clean energy, sustainability, incentives",Sustainability,Positive
1,Singapore,"While renewable energy is important, Singapore's limited land makes large-scale projects difficult.","renewable energy, limited land, large-scale projects",Geographical Constraints,Negative
1,Singapore,"The government’s push for solar energy is encouraging, but installation costs remain a barrier.","solar energy, government push, installation costs",Cost,Neutral
1,Singapore,We need more public education on the benefits of renewable energy to boost adoption.,"public education, renewable energy, adoption",Public Awareness,Neutral
1,Singapore,"Singapore is doing well in integrating clean energy, but we need more investment in storage solutions.","clean energy, integration, storage solutions",Technological Feasibility,Positive
1,Singapore,"Renewable energy adoption is growing, but traditional energy sources still dominate the market.","renewable energy, traditional energy, dominate market",Energy Mix,Neutral
1,Singapore,"The solar panel initiative is great, but we need more incentives for businesses to participate.","solar panel initiative, incentives, businesses",Government Initiatives,Neutral
1,Singapore,It's exciting to see Singapore leading the way in renewable energy in Southeast Asia.,"renewable energy, leading, Southeast Asia",Regional Leadership,Positive
1,Singapore,The government should focus more on green energy and less on fossil fuel subsidies.,"green energy, fossil fuel, government focus",Political Influence,Negative
1,Singapore,"Singapore is limited in renewable resources, but advances in technology are bridging the gap.","renewable resources, advances in technology, bridging gap",Technological Feasibility,Neutral
1,Singapore,Energy efficiency is just as important as renewable energy. We need more awareness on this.,"energy efficiency, renewable energy, awareness",Public Awareness,Neutral
1,Singapore,"Singapore’s investment in solar energy is promising, but we need better ways to store excess energy.","solar energy, investment, storage",Technological Feasibility,Positive
1,Singapore,"Clean energy is essential for the future, but we need to consider how to balance it with economic growth.","clean energy, future, economic growth, balance",Sustainability,Neutral
1,Singapore,The limited space in Singapore makes renewable energy projects expensive.,"limited space, renewable energy, expensive projects",Cost,Negative
1,Singapore,"It’s great to see Singapore’s advancements in renewable energy, but the focus should be on scalability.","advancements, renewable energy, scalability",Technological Progress,Positive
1,Singapore,"Singapore is doing a good job promoting clean energy, but we need faster adoption across all sectors.","clean energy, promotion, adoption",Government Initiatives,Neutral
1,Singapore,"The renewable energy sector is booming in Singapore, but more R&D is needed for storage technology.","renewable energy, R&D, storage technology",Technological Feasibility,Positive
1,Singapore,"Solar panels are a great option for Singapore, but more rooftop space needs to be utilized.","solar panels, rooftop space, utilization",Technological Progress,Positive
1,Singapore,"Singapore is ahead of the curve with renewable energy, but coal is still in use for energy production.","renewable energy, ahead of curve, coal",Energy Mix,Neutral
1,Singapore,"The green energy transition is important, but the lack of space for renewable projects makes it tough.","green energy, transition, lack of space",Geographical Constraints,Negative
1,Singapore,"Renewable energy initiatives are growing, but more government incentives are required to speed up adoption.","renewable energy, government incentives, speed adoption",Government Initiatives,Positive
1,Singapore,"The focus on solar energy in Singapore is good, but what about other renewable sources like wind?","solar energy, wind energy, renewable sources",Energy Mix,Neutral
1,Singapore,"While solar panels are a great solution for Singapore, storage is the real challenge we face.","solar panels, storage, challenge",Technological Feasibility,Neutral
1,Singapore,"Singapore is taking small steps toward green energy, but the pace needs to accelerate.","green energy, small steps, pace",Sustainability,Neutral
1,Singapore,"Clean energy in Singapore is growing, but the reliance on imported energy still remains a concern.","clean energy, imported energy, concern",Energy Independence,Negative
1,Singapore,"Singapore’s solar energy initiative is positive, but we need to consider water and wind energy options too.","solar energy, water energy, wind energy",Energy Mix,Positive
1,Singapore,The integration of solar panels into everyday buildings is a good step for renewable energy growth.,"solar panels, integration, buildings",Technological Progress,Positive
1,Singapore,"Singapore is doing well in the renewable energy sector, but challenges with land constraints persist.","renewable energy, land constraints, challenges",Geographical Constraints,Neutral
1,Singapore,The public needs to be more engaged in renewable energy discussions for widespread change.,"public engagement, renewable energy, discussions",Public Awareness,Neutral
1,Singapore,"Solar power is a great option for Singapore, but we must also focus on reducing energy waste.","solar power, energy waste, focus",Sustainability,Positive
1,Singapore,"Singapore is ahead in renewable energy in the region, but we need more investment in green technology.","renewable energy, green technology, investment",Technological Feasibility,Positive
1,Singapore,"Renewable energy adoption is increasing, but the slow rate of progress in public awareness is concerning.","renewable energy, adoption, public awareness, slow progress",Public Awareness,Negative
1,Singapore,"It’s great to see new policies in favor of renewable energy, but more public involvement is needed.","policies, renewable energy, public involvement",Government Initiatives,Neutral
1,Singapore,"Singapore’s clean energy focus is admirable, but fossil fuels are still too embedded in the economy.","clean energy, fossil fuels, economy, embedded",Energy Mix,Negative
1,Singapore,"Solar power is Singapore’s best bet for renewable energy, but it's still costly to implement.","solar power, renewable energy, costly",Cost,Negative
1,Singapore,"Singapore’s focus on energy efficiency is essential, but we need to increase the adoption of solar energy.","energy efficiency, adoption, solar energy",Sustainability,Neutral
1,Singapore,More investment in research is needed to make renewable energy storage more affordable for businesses.,"renewable energy, research, storage, businesses",Technological Feasibility,Positive
1,Singapore,"It’s great to see Singapore embracing clean energy, but more public education is needed on the long-term benefits.","clean energy, public education, long-term benefits",Public Awareness,Neutral
1,Singapore,"Singapore's solar energy efforts are promising, but we need to diversify into wind and hydro energy as well.","solar energy, wind energy, hydro energy, diversify",Energy Mix,Positive
1,Singapore,"The push for renewable energy is great, but traditional energy still dominates the market.","renewable energy, traditional energy, dominates market",Energy Mix,Neutral
1,Singapore,Singapore's energy policies need to prioritize renewable energy over fossil fuels to make a real impact.,"energy policies, renewable energy, fossil fuels, prioritize",Government Initiatives,Negative
1,Singapore,The government should offer more financial support to households installing renewable energy systems.,"financial support, renewable energy, households",Government Initiatives,Positive
1,Singapore,"Singapore’s commitment to renewable energy is impressive, but it's time to invest in newer technologies like hydrogen.","renewable energy, hydrogen, investment, commitment",Technological Feasibility,Neutral
1,Singapore,"Solar energy is the future for Singapore, but we need more space-saving innovations for urban areas.","solar energy, space-saving innovations, urban areas",Technological Progress,Neutral
1,Singapore,"Singapore's efforts to become a green city are great, but the high cost of renewable energy adoption is slowing things down.","green city, renewable energy, high cost, slowing",Cost,Negative
1,Singapore,"The solar energy initiatives are positive, but storage remains the biggest hurdle for reliable energy supply.","solar energy, storage, reliable energy, hurdle",Technological Feasibility,Neutral
1,Singapore,"It's exciting to see the rise of renewable energy in Singapore, but we need more government focus on implementation.","renewable energy, rise, government, implementation",Government Initiatives,Positive
1,Singapore,"Renewable energy is important for the future, but the cost for small businesses remains a challenge.","renewable energy, small businesses, cost, challenge",Cost,Negative
1,Singapore,"Singapore is doing well in renewable energy, but it must tackle the challenge of limited land for large-scale projects.","renewable energy, limited land, large-scale projects",Geographical Constraints,Negative
1,Singapore,"It’s great that Singapore is moving toward renewable energy, but more public campaigns are needed to raise awareness.","renewable energy, public campaigns, awareness",Public Awareness,Neutral
1,India,"The solar energy sector in India is growing, but high costs still hinder widespread adoption.","solar energy, high costs, adoption",Cost,Negative
1,India,"It's great that India is investing in green energy, but rural areas need more attention.","green energy, rural areas, investment",Regional Disparities,Neutral
1,India,We need better policies to support small businesses transitioning to renewable energy.,"policies, small businesses, renewable energy",Government Initiatives,Positive
1,India,"India’s vast land and sunlight make it ideal for solar farms, but implementation has been slow.","solar farms, land, sunlight, slow implementation",Technological Feasibility,Neutral
1,India,"India has potential in wind energy, but solar seems to be getting all the attention.","wind energy, solar, attention",Energy Mix,Neutral
1,India,The government needs to invest more in green technology R&D for long-term growth.,"green technology, R&D, investment",Technological Progress,Positive
1,India,"While renewable energy is crucial, India’s dependence on coal continues to be a challenge.","renewable energy, dependence, coal, challenge",Energy Mix,Negative
1,India,"India’s progress in solar energy is impressive, but we need better storage solutions for the grid.","solar energy, storage solutions, grid",Technological Feasibility,Neutral
1,India,"Renewable energy projects are mostly concentrated in urban areas, leaving rural India behind.","renewable energy, urban areas, rural areas",Regional Disparities,Negative
1,India,"India's green energy push is commendable, but fossil fuel industries still dominate.","green energy, fossil fuels, dominate",Energy Mix,Neutral
1,India,"Solar energy is key to India’s energy future, but the high installation costs remain a major barrier.","solar energy, high installation costs, barrier",Cost,Negative
1,India,"India’s focus on clean energy is a positive step, but there is not enough public awareness yet.","clean energy, public awareness, focus",Public Awareness,Neutral
1,India,"While green energy adoption is rising in India, the pace of change is too slow.","green energy, adoption, slow pace",Sustainability,Negative
1,India,The Indian government’s subsidies for renewable energy are helpful but not enough for wide-scale adoption.,"government subsidies, renewable energy, adoption",Government Initiatives,Neutral
1,India,"The solar market in India is growing fast, but more investment in infrastructure is required.","solar market, investment, infrastructure",Technological Progress,Positive
1,India,"Wind energy holds great potential in India, but solar projects get all the funding.","wind energy, potential, solar projects, funding",Energy Mix,Negative
1,India,"India is on the right path to green energy, but we need to diversify beyond just solar energy.","green energy, solar energy, diversify",Energy Mix,Neutral
1,India,The rising cost of renewable energy projects in India is concerning for future scalability.,"renewable energy, rising costs, scalability",Cost,Negative
1,India,India’s reliance on coal is slowing down the transition to renewable energy.,"coal, renewable energy, reliance, transition",Energy Mix,Negative
1,India,"Solar energy farms are the future for India, but public support is still lacking.","solar farms, public support, future",Public Awareness,Neutral
1,India,Renewable energy needs more financial backing from private investors in India.,"renewable energy, private investors, financial backing",Cost,Neutral
1,India,"India's solar energy plans are ambitious, but the lack of consistent policy support is an issue.","solar energy, policy support, ambitious plans",Government Initiatives,Negative
1,India,"It's good that India is focusing on renewable energy, but wind energy deserves more attention.","renewable energy, wind energy, focus",Energy Mix,Positive
1,India,"While solar energy is a big opportunity for India, it’s the rural areas that will benefit the most.","solar energy, rural areas, opportunity",Regional Disparities,Positive
1,India,"The push for renewable energy is strong, but more education about its benefits is needed in India.","renewable energy, education, benefits",Public Awareness,Neutral
1,India,"India has the potential to lead in solar energy, but public investment is still lacking.","solar energy, public investment, potential",Technological Progress,Negative
1,India,India's wind energy sector is underdeveloped despite its vast potential.,"wind energy, underdeveloped, potential",Technological Feasibility,Negative
1,India,We need more financial incentives for households to install solar panels in India.,"financial incentives, households, solar panels",Government Initiatives,Neutral
1,India,"The focus on renewable energy is encouraging, but India's coal usage remains a problem.","renewable energy, coal usage, focus",Energy Mix,Negative
1,India,"It’s great to see solar energy adoption growing in India, but it’s still far too expensive for many people.","solar energy, adoption, expensive",Cost,Negative
1,India,"India’s renewable energy goals are ambitious, but we need a stronger push in policy enforcement.","renewable energy, goals, policy enforcement",Government Initiatives,Neutral
1,India,More research is needed to make solar panels affordable for rural communities in India.,"solar panels, rural communities, affordability",Cost,Positive
1,India,"India's solar farms are expanding, but storage solutions lag behind.","solar farms, storage solutions, lag behind",Technological Feasibility,Neutral
1,India,"The government’s renewable energy initiatives are good, but they focus too much on urban areas.","renewable energy, urban areas, government initiatives",Regional Disparities,Negative
1,India,"India’s energy future lies in renewable energy, but the economic costs are too high for rapid change.","renewable energy, economic costs, future",Cost,Negative
1,India,Public perception about the costs of solar energy is a major barrier to adoption in India.,"solar energy, public perception, adoption",Public Awareness,Negative
1,India,"India has enormous potential for renewable energy, but we need to start investing in wind energy too.","renewable energy, wind energy, potential",Energy Mix,Neutral
1,India,Renewable energy projects need to be made affordable for rural households in India.,"renewable energy, affordable, rural households",Cost,Neutral
1,India,"India's renewable energy efforts are impressive, but challenges with land acquisition persist.","renewable energy, land acquisition, challenges",Geographical Constraints,Neutral
1,India,"It’s encouraging to see India focus on green energy, but the high costs will deter adoption in many regions.","green energy, high costs, adoption",Cost,Negative
1,India,The Indian government should provide more support for companies investing in renewable energy.,"government support, companies, renewable energy",Government Initiatives,Neutral
1,India,"The solar market in India is booming, but it’s mainly concentrated in urban centers.","solar market, urban centers, booming",Regional Disparities,Neutral
1,India,"India has a huge opportunity in renewable energy, but it must address policy inconsistency.","renewable energy, opportunity, policy inconsistency",Government Initiatives,Negative
1,India,"India is making strides in green energy, but its coal dependency will be hard to break.","green energy, strides, coal dependency",Energy Mix,Negative
1,India,The high costs of renewable energy installations in India are a major hurdle for businesses.,"renewable energy, high costs, businesses, hurdle",Cost,Negative
1,India,"It’s great to see solar power spreading in India, but wind energy should also be prioritized.","solar power, wind energy, spreading",Energy Mix,Neutral
1,India,"India’s commitment to green energy is commendable, but more public awareness campaigns are needed.","green energy, public awareness campaigns, commitment",Public Awareness,Positive
1,India,"The future of renewable energy in India is bright, but financial hurdles need to be addressed for broader adoption.","renewable energy, financial hurdles, adoption",Cost,Positive
1,India,It’s time India focused on renewable energy in rural areas to close the urban-rural energy gap.,"renewable energy, rural areas, energy gap",Regional Disparities,Positive
1,India,"India’s renewable energy push is encouraging, but challenges like land acquisition need to be solved.","renewable energy, land acquisition, challenges",Geographical Constraints,Neutral
1,Australia,"Australia's solar energy initiatives are fantastic, but we need more community involvement.","solar energy, initiatives, community involvement",Public Awareness,Positive
1,Australia,The transition to renewable energy is slow due to government policies favoring fossil fuels.,"renewable energy, government policies, fossil fuels",Political Influence,Negative
1,Australia,Investment in wind energy is essential for diversifying Australia's energy portfolio.,"wind energy, investment, energy portfolio",Energy Mix,Positive
1,Australia,I believe more subsidies for solar panel installations would accelerate adoption.,"subsidies, solar panel, adoption",Government Initiatives,Positive
1,Australia,"While renewable energy sources are growing, coal still accounts for a significant portion of our energy.","renewable energy, coal, energy",Energy Mix,Negative
1,Australia,"Australia is well-positioned for solar power, yet many homes still lack solar installations.","solar power, homes, installations",Public Awareness,Neutral
1,Australia,I think community education on renewable energy's benefits is critical to its adoption.,"community education, renewable energy, adoption",Public Awareness,Neutral
1,Australia,The government should focus on transitioning to renewables to ensure energy security.,"government, renewables, energy security",Government Initiatives,Positive
1,Australia,"Australia has great potential for geothermal energy, which is still underutilized.","geothermal energy, underutilized, potential",Technological Feasibility,Neutral
1,Australia,Public engagement in renewable projects is vital for fostering a sustainable future.,"public engagement, renewable projects, sustainable",Public Awareness,Positive
1,Australia,The high cost of renewable technology is a barrier for many families looking to invest.,"high cost, renewable technology, barrier",Cost,Negative
1,Australia,More government incentives could drive faster adoption of wind and solar energy.,"government incentives, wind energy, solar energy",Government Initiatives,Positive
1,Australia,"Renewable energy is crucial for Australia’s future, but we need more innovation.","renewable energy, future, innovation",Technological Feasibility,Positive
1,Australia,The transition to a green economy must prioritize both sustainability and job creation.,"green economy, sustainability, job creation",Economic Factors,Neutral
1,Australia,We need to promote energy efficiency alongside renewable energy to reduce consumption.,"energy efficiency, renewable energy, consumption",Sustainability,Positive
1,Australia,The current pace of transition to renewables is frustrating and not fast enough.,"transition, renewables, frustrating",Public Sentiment,Negative
1,Australia,Local governments should be more proactive in promoting renewable energy initiatives.,"local government, renewable energy, initiatives",Government Initiatives,Positive
1,Australia,"There's a lot of potential for solar energy in rural areas, yet it's still untapped.","solar energy, rural areas, untapped",Geographical Constraints,Neutral
1,Australia,I think the fossil fuel industry still holds too much influence over energy policy.,"fossil fuel, influence, energy policy",Political Influence,Negative
1,Australia,Community solar projects could greatly enhance local renewable energy use.,"community solar projects, renewable energy, local",Public Awareness,Positive
1,Australia,"Despite government efforts, public awareness about renewable energy remains low.","government efforts, public awareness, low",Public Awareness,Negative
1,Australia,We need to invest more in renewable infrastructure to support a green future.,"invest, renewable infrastructure, green future",Economic Factors,Positive
1,Australia,"Australia is rich in natural resources, yet we lag in renewable energy implementation.","natural resources, lag, implementation",Technological Feasibility,Negative
1,Australia,The recent shift in policy towards renewables is a step in the right direction.,"shift in policy, renewables, step",Government Initiatives,Positive
1,Australia,Renewable energy sources should be part of every school’s curriculum.,"renewable energy, school curriculum, education",Public Awareness,Positive
1,Australia,The lack of clarity in government regulations hinders renewable energy projects.,"lack of clarity, government regulations, hinders",Political Influence,Negative
1,Australia,Investing in renewable energy not only helps the environment but also the economy.,"investing, renewable energy, economy",Economic Factors,Positive
1,Australia,Community engagement is crucial for successful renewable energy initiatives.,"community engagement, renewable energy, success",Public Awareness,Positive
1,Australia,Australia needs more public transport options powered by renewable energy.,"public transport, renewable energy, powered",Energy Mix,Neutral
1,Australia,A robust strategy for renewable energy would boost both jobs and economic growth.,"strategy, renewable energy, jobs, growth",Economic Factors,Positive
1,Australia,We should learn from other countries' successes in renewable energy to enhance our efforts.,"learn, other countries, renewable energy",Technological Feasibility,Neutral
1,Australia,The public needs to understand the benefits of transitioning to renewable energy more clearly.,"public, benefits, transitioning, renewable energy",Public Awareness,Negative
1,Australia,Australia's rich sun exposure makes solar energy an ideal solution.,"sun exposure, solar energy, ideal solution",Sustainability,Positive
1,Australia,More financial support for low-income households is essential for solar adoption.,"financial support, low-income households, solar adoption",Government Initiatives,Positive
1,Australia,The pace of innovation in renewable technology needs to accelerate to meet demand.,"pace of innovation, renewable technology, demand",Technological Feasibility,Negative
1,Australia,Australia can lead the world in renewable energy with the right policies in place.,"lead, world, renewable energy, policies",Government Initiatives,Positive
1,Australia,It's disheartening to see investment in fossil fuels overshadowing renewables.,"disheartening, investment, fossil fuels, overshadowing",Political Influence,Negative
1,Australia,Sustainability should be a key focus in our educational institutions.,"sustainability, key focus, educational institutions",Public Awareness,Positive
1,Australia,The lack of government subsidies for wind energy is concerning.,"lack of subsidies, wind energy, concerning",Government Initiatives,Negative
1,Australia,Australia has the potential to be a world leader in renewable energy technologies.,"potential, world leader, renewable energy technologies",Technological Feasibility,Positive
1,Australia,We must ensure that renewable energy policies are fair and inclusive for all communities.,"renewable energy policies, fair, inclusive",Public Awareness,Neutral
1,Australia,Investing in renewables can stimulate local economies and create jobs.,"investing, renewables, stimulate, jobs",Economic Factors,Positive
1,Australia,Transitioning to renewables should include consultation with local communities.,"transitioning, renewables, consultation, local communities",Public Awareness,Positive
1,Australia,Australia's energy policies should reflect a commitment to sustainability and climate change.,"energy policies, commitment, sustainability, climate change",Political Influence,Positive
1,Australia,We need more partnerships between government and private sector to enhance renewable energy.,"partnerships, government, private sector, enhance",Government Initiatives,Positive
1,Australia,The shift from coal to renewables must happen faster to meet climate goals.,"shift, coal, renewables, climate goals",Political Influence,Negative
1,Australia,Investments in energy efficiency will complement our renewable energy goals.,"investments, energy efficiency, complement",Economic Factors,Positive
1,Australia,Public awareness campaigns are necessary to foster acceptance of renewable energy.,"public awareness campaigns, acceptance, renewable energy",Public Awareness,Positive
1,Australia,"Renewable energy technology is becoming more affordable, making it accessible to more families.","renewable energy technology, affordable, accessible",Economic Factors,Positive
1,Australia,The future of energy in Australia must prioritize sustainability over short-term profits.,"future of energy, sustainability, short-term profits",Sustainability,Neutral
1,India,"India's push for solar power is impressive, but we need more infrastructure.","solar power, push, infrastructure",Government Initiatives,Positive
1,India,"Renewable energy adoption is growing, but rural areas are lagging behind.","renewable energy, adoption, rural areas",Geographical Constraints,Negative
1,India,Government subsidies for solar panels should be increased to enhance accessibility.,"government subsidies, solar panels, accessibility",Government Initiatives,Positive
1,India,We need more public awareness campaigns to educate citizens on renewable energy benefits.,"public awareness, campaigns, renewable energy benefits",Public Awareness,Neutral
1,India,The future of India’s energy should prioritize renewable resources over fossil fuels.,"energy, prioritize, renewable resources",Sustainability,Positive
1,India,I believe more investment in wind energy could diversify our energy sources.,"investment, wind energy, diversify",Energy Mix,Positive
1,India,"The cost of solar technology remains high, preventing many from making the switch.","cost, solar technology, preventing switch",Cost,Negative
1,India,"While initiatives are positive, public participation is essential for success.","initiatives, public participation, success",Public Awareness,Positive
1,India,"India has great potential for hydropower, but it's still underutilized in many areas.","hydropower, potential, underutilized",Technological Feasibility,Neutral
1,India,The coal industry still has too much influence over energy policy decisions in India.,"coal industry, influence, energy policy",Political Influence,Negative
1,India,"Solar parks are a great step, but we need to ensure they are well maintained.","solar parks, step, well maintained",Sustainability,Positive
1,India,I feel the government should take stronger action to reduce coal dependency.,"government action, reduce coal dependency, stronger",Political Influence,Negative
1,India,Community-driven solar projects could enhance local engagement and energy use.,"community-driven, solar projects, local engagement",Public Awareness,Positive
1,India,The transition to renewables must also consider job creation in affected sectors.,"transition, renewables, job creation",Economic Factors,Neutral
1,India,We need clearer policies and guidelines for renewable energy projects to succeed.,"clearer policies, renewable energy projects, succeed",Political Influence,Positive
1,India,Investment in energy storage technology is crucial for reliable renewable energy supply.,"investment, energy storage, reliable supply",Technological Feasibility,Positive
1,India,The pace of renewable energy deployment in India is too slow to meet future needs.,"pace, renewable energy deployment, too slow",Public Sentiment,Negative
1,India,I believe that integrating renewable energy into schools is essential for future generations.,"integrating, renewable energy, schools",Public Awareness,Positive
1,India,More collaboration between public and private sectors can enhance renewable energy projects.,"collaboration, public sector, private sector",Government Initiatives,Positive
1,India,"While we’re making progress, we need to ensure sustainability is a key focus.","progress, sustainability, key focus",Sustainability,Positive
1,India,The lack of funding for renewable projects is concerning and needs to be addressed.,"lack of funding, renewable projects, concerning",Economic Factors,Negative
1,India,Increased public transportation powered by renewables would benefit urban areas.,"public transportation, powered, urban areas",Energy Mix,Positive
1,India,We should promote energy efficiency initiatives alongside renewable energy growth.,"energy efficiency, initiatives, renewable energy growth",Sustainability,Positive
1,India,The potential for solar energy in India is immense but remains untapped in many regions.,"solar energy, immense potential, untapped",Technological Feasibility,Neutral
1,India,We need to reduce the bureaucratic hurdles for renewable energy approvals.,"reduce, bureaucratic hurdles, renewable energy approvals",Political Influence,Negative
1,India,Community engagement in energy projects can lead to better outcomes for everyone.,"community engagement, energy projects, better outcomes",Public Awareness,Positive
1,India,Public awareness of climate change and renewable energy needs to improve significantly.,"public awareness, climate change, improve",Public Awareness,Negative
1,India,We can leverage technology to improve the efficiency of renewable energy systems.,"leverage technology, improve efficiency, renewable energy",Technological Feasibility,Positive
1,India,The government should create incentives for industries to switch to renewable energy sources.,"government, incentives, industries, switch",Government Initiatives,Positive
1,India,We must ensure that energy policies are inclusive and benefit all communities.,"energy policies, inclusive, benefit communities",Public Awareness,Neutral
1,India,Investing in renewable infrastructure can stimulate economic growth and job creation.,"investing, renewable infrastructure, stimulate",Economic Factors,Positive
1,India,Local governments must take an active role in promoting renewable energy initiatives.,"local governments, active role, promoting initiatives",Government Initiatives,Positive
1,India,"Public perception of renewable energy is still low, necessitating awareness efforts.","public perception, renewable energy, awareness efforts",Public Awareness,Negative
1,India,The government must commit to clear targets for renewable energy deployment.,"government, commit, clear targets",Political Influence,Positive
1,India,More international collaboration can help India achieve its renewable energy goals.,"international collaboration, achieve, renewable energy goals",Global Cooperation,Positive
1,India,I am concerned about the environmental impacts of coal mining in India.,"environmental impacts, coal mining, concerned",Environmental Impact,Negative
1,India,Renewable energy projects should prioritize rural communities to enhance access.,"renewable energy projects, prioritize, rural communities",Public Awareness,Positive
1,India,There's a strong need for renewable energy education in schools to inspire youth.,"renewable energy education, schools, inspire youth",Public Awareness,Positive
1,India,The lack of renewable energy facilities in remote areas is a significant issue.,"lack of facilities, renewable energy, remote areas",Geographical Constraints,Negative
1,India,"We should harness wind energy more effectively, especially in coastal regions.","harness, wind energy, effectively, coastal regions",Technological Feasibility,Positive
1,India,The government should provide clearer guidelines for renewable energy financing.,"government, clearer guidelines, financing",Political Influence,Neutral
1,India,Community solar initiatives can significantly enhance local energy independence.,"community solar initiatives, enhance, energy independence",Public Awareness,Positive
1,India,"The growth of solar energy is promising, but we need to ensure quality control.","growth, solar energy, promising, quality control",Sustainability,Neutral
1,India,There's an urgent need for policies that support both environmental and economic goals.,"urgent need, policies, environmental goals, economic goals",Political Influence,Positive
1,India,Investing in renewable energy can make a significant impact on climate change mitigation.,"investing, renewable energy, impact, climate change mitigation",Environmental Impact,Positive
1,India,We need to establish benchmarks for measuring renewable energy progress.,"establish benchmarks, measuring, renewable energy progress",Government Initiatives,Positive
1,India,Community involvement is key to the success of renewable energy projects.,"community involvement, key, success",Public Awareness,Positive
1,India,Public transportation should transition to renewable energy sources for sustainability.,"public transportation, transition, renewable energy sources",Sustainability,Positive
1,India,The coal sector's decline should be managed carefully to prevent job losses.,"coal sector, decline, job losses",Economic Factors,Negative
1,India,I am optimistic about India's renewable energy future but concerned about implementation challenges.,"optimistic, renewable energy future, implementation challenges",Public Sentiment,Positive
1,China,China's investment in renewable energy is a great model for other countries to follow.,"investment, renewable energy, model",Global Cooperation,Positive
1,China,The government should prioritize wind energy to diversify our energy sources.,"government, prioritize, wind energy, diversify",Government Initiatives,Positive
1,China,"Despite progress, the transition from coal to renewables is still too slow.","transition, coal, renewables, too slow",Public Sentiment,Negative
1,China,Public awareness of renewable energy's benefits is critical for its success.,"public awareness, renewable energy, success",Public Awareness,Positive
1,China,"Renewable energy technology is advancing rapidly in China, leading the world.","renewable energy technology, advancing, leading",Technological Feasibility,Positive
1,China,More financial incentives for solar energy could boost adoption among households.,"financial incentives, solar energy, boost adoption",Government Initiatives,Positive
1,China,The high cost of renewable technologies remains a significant barrier for many.,"high cost, renewable technologies, barrier",Cost,Negative
1,China,Increased investment in hydropower is essential for China's energy future.,"investment, hydropower, essential, energy future",Energy Mix,Positive
1,China,I think urban areas need more access to renewable energy options.,"urban areas, access, renewable energy options",Geographical Constraints,Neutral
1,China,The coal industry still plays a significant role in China's energy strategy.,"coal industry, significant role, energy strategy",Political Influence,Negative
1,China,Government-led solar initiatives are paving the way for a cleaner future.,"government-led, solar initiatives, cleaner future",Government Initiatives,Positive
1,China,We need more community education programs focused on renewable energy benefits.,"community education programs, renewable energy benefits",Public Awareness,Positive
1,China,China's leadership in solar technology is commendable but should be matched by policies.,"leadership, solar technology, commendable, policies",Political Influence,Neutral
1,China,Wind farms are a crucial part of China's renewable energy landscape.,"wind farms, crucial, renewable energy landscape",Energy Mix,Positive
1,China,The transition to renewables should also consider social impacts on communities.,"transition, renewables, social impacts",Public Awareness,Neutral
1,China,More collaboration between government and businesses is needed for renewable energy growth.,"collaboration, government, businesses, growth",Government Initiatives,Positive
1,China,There's a lack of transparency in renewable energy project approvals.,"lack of transparency, renewable energy, project approvals",Political Influence,Negative
1,China,Investing in renewable energy can help mitigate climate change impacts.,"investing, renewable energy, mitigate, climate change impacts",Environmental Impact,Positive
1,China,I believe renewable energy must be integrated into all levels of education.,"renewable energy, integrated, education",Public Awareness,Positive
1,China,The speed of renewable energy development in China is impressive but needs to accelerate further.,"speed, renewable energy development, impressive",Public Sentiment,Positive
1,China,Rural areas in China are often overlooked in renewable energy initiatives.,"rural areas, overlooked, renewable energy initiatives",Geographical Constraints,Negative
1,China,The future of energy in China should focus more on sustainability.,"future of energy, focus, sustainability",Sustainability,Positive
1,China,We need to invest in energy storage solutions to support renewable energy supply.,"invest, energy storage solutions, support",Technological Feasibility,Positive
1,China,Public transport systems should transition to renewable energy sources.,"public transport systems, transition, renewable energy sources",Sustainability,Positive
1,China,More support for community renewable projects could enhance local engagement.,"support, community renewable projects, enhance engagement",Public Awareness,Positive
1,China,The government must set clear targets for reducing coal dependency.,"government, set clear targets, reducing coal dependency",Political Influence,Positive
1,China,Climate change awareness campaigns need to be more widespread.,"climate change awareness campaigns, widespread",Public Awareness,Negative
1,China,We should encourage research and development in renewable technologies.,"encourage research and development, renewable technologies",Technological Feasibility,Positive
1,China,The impact of air pollution from coal must be addressed alongside renewable goals.,"impact, air pollution, coal, renewable goals",Environmental Impact,Negative
1,China,I believe that international collaboration can lead to greater advancements in renewables.,"international collaboration, greater advancements, renewables",Global Cooperation,Positive
1,China,Government incentives for households to install solar panels are essential.,"government incentives, households, install solar panels",Government Initiatives,Positive
1,China,The public needs more information on how renewable energy impacts their lives.,"public needs information, renewable energy impacts, lives",Public Awareness,Neutral
1,China,The success of solar energy in China should be replicated in other countries.,"success, solar energy, replicated",Global Cooperation,Positive
1,China,China should lead the way in global renewable energy policy discussions.,"China, lead, global renewable energy policy",Political Influence,Positive
1,China,Wind energy's potential in northern regions remains largely untapped.,"wind energy potential, northern regions, untapped",Technological Feasibility,Negative
1,China,Investing in research can lead to innovative solutions for renewable energy challenges.,"investing, research, innovative solutions, challenges",Technological Feasibility,Positive
1,China,There's an urgent need for policies that address both energy security and sustainability.,"urgent need, policies, energy security, sustainability",Political Influence,Positive
1,China,Renewable energy education in schools can inspire future generations to engage.,"renewable energy education, schools, inspire future generations",Public Awareness,Positive
1,China,The government must create a regulatory framework that supports renewables.,"government, create regulatory framework, supports renewables",Political Influence,Positive
1,China,Community involvement in renewable projects is key to their success.,"community involvement, renewable projects, success",Public Awareness,Positive
1,China,Public transportation powered by renewable energy can improve air quality.,"public transportation, powered, renewable energy, air quality",Environmental Impact,Positive
1,China,We should promote energy-efficient technologies alongside renewable energy efforts.,"promote, energy-efficient technologies, renewable energy efforts",Sustainability,Positive
1,China,The coal sector's transition must include job retraining programs for workers.,"coal sector transition, job retraining programs, workers",Economic Factors,Neutral
1,China,Investing in offshore wind farms could significantly enhance energy capacity.,"investing, offshore wind farms, enhance energy capacity",Technological Feasibility,Positive
1,China,Local governments must take initiative in promoting renewable energy projects.,"local governments, initiative, promoting projects",Government Initiatives,Positive
1,China,"Public sentiment around renewable energy has improved, but challenges remain.","public sentiment, renewable energy, improved, challenges remain",Public Sentiment,Neutral
1,China,We need a national strategy to improve renewable energy infrastructure.,"national strategy, improve, renewable energy infrastructure",Government Initiatives,Positive
1,China,Environmental education is vital for fostering public support for renewables.,"environmental education, vital, public support",Public Awareness,Positive
1,China,The need for greater renewable energy capacity is urgent for future generations.,"greater renewable energy capacity, urgent, future generations",Public Sentiment,Positive
1,China,Renewable energy can play a crucial role in achieving energy independence for China.,"renewable energy, crucial role, achieving energy independence",Energy Mix,Positive
1,Singapore,Singapore's commitment to solar energy is commendable and should continue to grow.,"commitment, solar energy, commendable, grow",Government Initiatives,Positive
1,Singapore,We need to increase public awareness of renewable energy benefits.,"increase, public awareness, renewable energy benefits",Public Awareness,Positive
1,Singapore,"The transition to renewables is necessary, but we must be cautious about costs.","transition, renewables, cautious about costs",Economic Factors,Neutral
1,Singapore,More incentives for solar panel installations would boost adoption.,"more incentives, solar panel installations, boost adoption",Government Initiatives,Positive
1,Singapore,Energy storage solutions are essential for maximizing renewable energy use.,"energy storage solutions, essential, maximizing renewable energy",Technological Feasibility,Positive
1,Singapore,The government should prioritize wind energy research and development.,"government, prioritize, wind energy research, development",Government Initiatives,Positive
1,Singapore,Public transportation systems should shift to renewable energy sources.,"public transportation systems, shift, renewable energy sources",Sustainability,Positive
1,Singapore,We need to improve collaboration between public and private sectors for renewables.,"improve collaboration, public, private sectors, renewables",Government Initiatives,Positive
1,Singapore,The cost of renewable technologies must come down to encourage widespread adoption.,"cost, renewable technologies, come down",Economic Factors,Negative
1,Singapore,Singapore should be a leader in sustainable urban energy solutions.,"Singapore, leader, sustainable urban energy solutions",Global Cooperation,Positive
1,Singapore,I think community engagement in renewable projects is vital for their success.,"community engagement, renewable projects, vital for success",Public Awareness,Positive
1,Singapore,The government's renewable energy policies need to be more aggressive.,"government, renewable energy policies, aggressive",Political Influence,Negative
1,Singapore,We must develop clear metrics to measure renewable energy progress.,"develop clear metrics, measure, renewable energy progress",Government Initiatives,Positive
1,Singapore,Renewable energy education in schools will help inspire future generations.,"renewable energy education, schools, inspire future generations",Public Awareness,Positive
1,Singapore,Singapore can leverage its urban environment for innovative renewable solutions.,"leverage, urban environment, innovative renewable solutions",Technological Feasibility,Positive
1,Singapore,The importance of public awareness campaigns cannot be overstated.,"importance, public awareness campaigns, cannot be overstated",Public Awareness,Positive
1,Singapore,The government should invest in more renewable energy research.,"government, invest, more renewable energy research",Government Initiatives,Positive
1,Singapore,The high cost of solar panels is a barrier to their widespread use.,"high cost, solar panels, barrier",Economic Factors,Negative
1,Singapore,I believe that integrating renewable energy into all levels of education is crucial.,"integrating, renewable energy, education, crucial",Public Awareness,Positive
1,Singapore,More community solar initiatives could enhance local engagement and energy independence.,"more community solar initiatives, enhance, local engagement, energy independence",Public Awareness,Positive
1,Singapore,The government must set clear renewable energy targets for future development.,"government, set clear renewable energy targets, development",Political Influence,Positive
1,Singapore,We should encourage innovation in renewable technologies to boost efficiency.,"encourage innovation, renewable technologies, boost efficiency",Technological Feasibility,Positive
1,Singapore,The transition to renewable energy should consider social impacts on communities.,"transition, renewable energy, social impacts",Public Awareness,Neutral
1,Singapore,The government needs to collaborate more with the private sector on energy projects.,"government, collaborate, private sector, energy projects",Government Initiatives,Positive
1,Singapore,Public transport powered by renewables can greatly improve air quality.,"public transport, powered, renewables, improve air quality",Environmental Impact,Positive
1,Singapore,More incentives are needed for businesses to adopt renewable energy solutions.,"more incentives, businesses, adopt renewable energy solutions",Government Initiatives,Positive
1,Singapore,There should be clearer guidelines for renewable energy project approvals.,"clearer guidelines, renewable energy project approvals",Political Influence,Neutral
1,Singapore,The public should be more engaged in discussions about renewable energy policies.,"public engaged, discussions, renewable energy policies",Public Awareness,Positive
1,Singapore,We need to focus on energy storage technology to support renewables.,"focus on energy storage technology, support, renewables",Technological Feasibility,Positive
1,Singapore,There are significant opportunities for offshore wind energy development in Singapore.,"significant opportunities, offshore wind energy development, Singapore",Energy Mix,Positive
1,Singapore,Public awareness of renewable energy options needs to improve.,"public awareness, renewable energy options, improve",Public Awareness,Negative
1,Singapore,I believe more partnerships can lead to innovative renewable energy solutions.,"more partnerships, innovative renewable energy solutions",Global Cooperation,Positive
1,Singapore,The government must work on reducing the bureaucratic hurdles for renewable projects.,"government, reducing bureaucratic hurdles, renewable projects",Political Influence,Negative
1,Singapore,Community-driven energy projects can significantly enhance local engagement.,"community-driven energy projects, enhance, local engagement",Public Awareness,Positive
1,Singapore,More research into renewable technologies can lead to breakthroughs in efficiency.,"more research, renewable technologies, breakthroughs, efficiency",Technological Feasibility,Positive
1,Singapore,The future of energy in Singapore should focus more on sustainability.,"future of energy, focus, sustainability",Sustainability,Positive
1,Singapore,We must ensure that renewable energy policies are inclusive and equitable.,"ensure, renewable energy policies, inclusive, equitable",Public Awareness,Neutral
1,Singapore,Investing in community education about renewable energy is essential.,"investing, community education, renewable energy, essential",Public Awareness,Positive
1,Singapore,Solar farms should be prioritized in the urban planning process.,"solar farms, prioritized, urban planning process",Government Initiatives,Positive
1,Singapore,The government should support local innovations in renewable energy technologies.,"government, support, local innovations, renewable energy technologies",Government Initiatives,Positive
1,Singapore,Public transportation powered by renewables will reduce carbon emissions.,"public transportation, powered, renewables, reduce carbon emissions",Environmental Impact,Positive
1,Singapore,We should promote renewable energy as a key part of Singapore's future economy.,"promote, renewable energy, key part, future economy",Sustainability,Positive
1,Singapore,Government policies need to encourage citizen participation in energy decision-making.,"government policies, encourage, citizen participation, energy decision-making",Political Influence,Positive
1,Singapore,Public sentiment is shifting towards favoring renewable energy projects.,"public sentiment, shifting, favoring renewable energy projects",Public Sentiment,Positive
1,Singapore,We must enhance research funding for renewable energy technologies.,"enhance research funding, renewable energy technologies",Government Initiatives,Positive
1,Singapore,More collaborations with universities can spur renewable energy advancements.,"more collaborations, universities, spur renewable energy advancements",Global Cooperation,Positive
1,Singapore,The importance of sustainable energy practices cannot be overstated.,"importance, sustainable energy practices, cannot be overstated",Public Awareness,Positive
1,Singapore,We need to focus on reducing reliance on fossil fuels and promote renewables.,"reducing reliance, fossil fuels, promote renewables",Energy Mix,Positive
1,Singapore,Community solar programs can enhance energy security for local residents.,"community solar programs, enhance, energy security, local residents",Public Awareness,Positive
1,Singapore,The shift towards renewable energy must be equitable and just for all citizens.,"shift, renewable energy, equitable, just",Public Awareness,Positive
