Region,Sub-region,Country,ISO3 code,M49 code,RE or Non-RE,Group Technology,Technology,Sub-Technology,Producer Type,Year,Electricity Generation (GWh),Electricity Installed Capacity (MW),Heat Generation (TJ),"Off-grid Biogas for Cooking (1,000 inhabitants)","Off-grid Biogas Production (1,000 m3)","Off-grid Electricity Access (1,000 inhabitants)",Public Flows (2021 USD M),SDG 7a1 Intl. Public Flows (2021 USD M),SDG 7b1 RE capacity per capita (W/inhabitant)
Oceania,Australia and New Zealand,Australia,AUS,36,Total Non-Renewable,Fossil fuels,Coal and peat,Coal and peat,On-grid electricity,2000,174245.0,26733.0,0.0,0.0,0.0,0.0,0.0,0.0,0.0
Oceania,Australia and New Zealand,Australia,AUS,36,Total Non-Renewable,Fossil fuels,Coal and peat,Coal and peat,On-grid electricity,2001,186788.0,27520.0,0.0,0.0,0.0,0.0,0.0,0.0,0.0
Oceania,Australia and New Zealand,Australia,AUS,36,Total Non-Renewable,Fossil fuels,Coal and peat,Coal and peat,On-grid electricity,2002,175328.0,27317.0,0.0,0.0,0.0,0.0,0.0,0.0,0.0
Oceania,Australia and New Zealand,Australia,AUS,36,Total Non-Renewable,Fossil fuels,Coal and peat,Coal and peat,On-grid electricity,2003,170930.0,29836.0,0.0,0.0,0.0,0.0,0.0,0.0,0.0
Oceania,Australia and New Zealand,Australia,AUS,36,Total Non-Renewable,Fossil fuels,Coal and peat,Coal and peat,On-grid electricity,2004,177222.0,30026.0,0.0,0.0,0.0,0.0,0.0,0.0,0.0
Oceania,Australia and New Zealand,Australia,AUS,36,Total Non-Renewable,Fossil fuels,Coal and peat,Coal and peat,On-grid electricity,2005,181600.0,29014.0,0.0,0.0,0.0,0.0,0.0,0.0,0.0
Oceania,Australia and New Zealand,Australia,AUS,36,Total Non-Renewable,Fossil fuels,Coal and peat,Coal and peat,On-grid electricity,2006,185301.0,28813.0,0.0,0.0,0.0,0.0,0.0,0.0,0.0
Oceania,Australia and New Zealand,Australia,AUS,36,Total Non-Renewable,Fossil fuels,Coal and peat,Coal and peat,On-grid electricity,2007,187224.0,28890.0,0.0,0.0,0.0,0.0,0.0,0.0,0.0
Oceania,Australia and New Zealand,Australia,AUS,36,Total Non-Renewable,Fossil fuels,Coal and peat,Coal and peat,On-grid electricity,2008,184334.0,29291.0,0.0,0.0,0.0,0.0,0.0,0.0,0.0
Oceania,Australia and New Zealand,Australia,AUS,36,Total Non-Renewable,Fossil fuels,Coal and peat,Coal and peat,On-grid electricity,2009,185823.0,29727.0,0.0,0.0,0.0,0.0,0.0,0.0,0.0
Oceania,Australia and New Zealand,Australia,AUS,36,Total Non-Renewable,Fossil fuels,Coal and peat,Coal and peat,On-grid electricity,2010,180210.0,29682.0,0.0,0.0,0.0,0.0,0.0,0.0,0.0
Oceania,Australia and New Zealand,Australia,AUS,36,Total Non-Renewable,Fossil fuels,Coal and peat,Coal and peat,On-grid electricity,2011,172627.0,29897.0,0.0,0.0,0.0,0.0,0.0,0.0,0.0
Oceania,Australia and New Zealand,Australia,AUS,36,Total Non-Renewable,Fossil fuels,Coal and peat,Coal and peat,On-grid electricity,2012,172147.0,29897.0,0.0,0.0,0.0,0.0,0.0,0.0,0.0
Oceania,Australia and New Zealand,Australia,AUS,36,Total Non-Renewable,Fossil fuels,Coal and peat,Coal and peat,On-grid electricity,2013,159047.0,28906.0,0.0,0.0,0.0,0.0,0.0,0.0,0.0
Oceania,Australia and New Zealand,Australia,AUS,36,Total Non-Renewable,Fossil fuels,Coal and peat,Coal and peat,On-grid electricity,2014,151849.0,28969.0,0.0,0.0,0.0,0.0,0.0,0.0,0.0
Oceania,Australia and New Zealand,Australia,AUS,36,Total Non-Renewable,Fossil fuels,Coal and peat,Coal and peat,On-grid electricity,2015,158610.0,28073.0,0.0,0.0,0.0,0.0,0.0,0.0,0.0
Oceania,Australia and New Zealand,Australia,AUS,36,Total Non-Renewable,Fossil fuels,Coal and peat,Coal and peat,On-grid electricity,2016,163130.0,26983.0,0.0,0.0,0.0,0.0,0.0,0.0,0.0
Oceania,Australia and New Zealand,Australia,AUS,36,Total Non-Renewable,Fossil fuels,Coal and peat,Coal and peat,On-grid electricity,2017,161830.0,25150.0,0.0,0.0,0.0,0.0,0.0,0.0,0.0
Oceania,Australia and New Zealand,Australia,AUS,36,Total Non-Renewable,Fossil fuels,Coal and peat,Coal and peat,On-grid electricity,2018,157711.0,24954.0,0.0,0.0,0.0,0.0,0.0,0.0,0.0
Oceania,Australia and New Zealand,Australia,AUS,36,Total Non-Renewable,Fossil fuels,Coal and peat,Coal and peat,On-grid electricity,2019,154304.0,24954.0,0.0,0.0,0.0,0.0,0.0,0.0,0.0
Oceania,Australia and New Zealand,Australia,AUS,36,Total Non-Renewable,Fossil fuels,Coal and peat,Coal and peat,On-grid electricity,2020,145522.0,24986.0,0.0,0.0,0.0,0.0,0.0,0.0,0.0
Oceania,Australia and New Zealand,Australia,AUS,36,Total Non-Renewable,Fossil fuels,Coal and peat,Coal and peat,On-grid electricity,2021,140311.0,24986.0,0.0,0.0,0.0,0.0,0.0,0.0,0.0
Oceania,Australia and New Zealand,Australia,AUS,36,Total Non-Renewable,Fossil fuels,Coal and peat,Coal and peat,On-grid electricity,2022,133590.0,24587.0,0.0,0.0,0.0,0.0,0.0,0.0,0.0
Oceania,Australia and New Zealand,Australia,AUS,36,Total Non-Renewable,Fossil fuels,Coal and peat,Coal and peat,On-grid electricity,2023,0.0,22747.0,0.0,0.0,0.0,0.0,0.0,0.0,0.0
Oceania,Australia and New Zealand,Australia,AUS,36,Total Non-Renewable,Fossil fuels,Fossil fuels n.e.s.,Fossil fuels n.e.s.,On-grid electricity,2000,0.0,2362.0,0.0,0.0,0.0,0.0,0.0,0.0,0.0
Oceania,Australia and New Zealand,Australia,AUS,36,Total Non-Renewable,Fossil fuels,Fossil fuels n.e.s.,Fossil fuels n.e.s.,On-grid electricity,2001,0.0,2056.0,0.0,0.0,0.0,0.0,0.0,0.0,0.0
Oceania,Australia and New Zealand,Australia,AUS,36,Total Non-Renewable,Fossil fuels,Fossil fuels n.e.s.,Fossil fuels n.e.s.,On-grid electricity,2002,0.0,2243.0,0.0,0.0,0.0,0.0,0.0,0.0,0.0
Oceania,Australia and New Zealand,Australia,AUS,36,Total Non-Renewable,Fossil fuels,Fossil fuels n.e.s.,Fossil fuels n.e.s.,On-grid electricity,2003,0.0,863.0,0.0,0.0,0.0,0.0,0.0,0.0,0.0
Oceania,Australia and New Zealand,Australia,AUS,36,Total Non-Renewable,Fossil fuels,Fossil fuels n.e.s.,Fossil fuels n.e.s.,On-grid electricity,2004,0.0,885.0,0.0,0.0,0.0,0.0,0.0,0.0,0.0
Oceania,Australia and New Zealand,Australia,AUS,36,Total Non-Renewable,Fossil fuels,Fossil fuels n.e.s.,Fossil fuels n.e.s.,On-grid electricity,2005,0.0,1578.0,0.0,0.0,0.0,0.0,0.0,0.0,0.0
Oceania,Australia and New Zealand,Australia,AUS,36,Total Non-Renewable,Fossil fuels,Fossil fuels n.e.s.,Fossil fuels n.e.s.,On-grid electricity,2006,0.0,1538.0,0.0,0.0,0.0,0.0,0.0,0.0,0.0
Oceania,Australia and New Zealand,Australia,AUS,36,Total Non-Renewable,Fossil fuels,Fossil fuels n.e.s.,Fossil fuels n.e.s.,On-grid electricity,2007,0.0,1546.0,0.0,0.0,0.0,0.0,0.0,0.0,0.0
Oceania,Australia and New Zealand,Australia,AUS,36,Total Non-Renewable,Fossil fuels,Fossil fuels n.e.s.,Fossil fuels n.e.s.,On-grid electricity,2008,0.0,1409.0,0.0,0.0,0.0,0.0,0.0,0.0,0.0
Oceania,Australia and New Zealand,Australia,AUS,36,Total Non-Renewable,Fossil fuels,Fossil fuels n.e.s.,Fossil fuels n.e.s.,On-grid electricity,2009,0.0,938.0,0.0,0.0,0.0,0.0,0.0,0.0,0.0
Oceania,Australia and New Zealand,Australia,AUS,36,Total Non-Renewable,Fossil fuels,Fossil fuels n.e.s.,Fossil fuels n.e.s.,On-grid electricity,2010,0.0,1021.0,0.0,0.0,0.0,0.0,0.0,0.0,0.0
Oceania,Australia and New Zealand,Australia,AUS,36,Total Non-Renewable,Fossil fuels,Fossil fuels n.e.s.,Fossil fuels n.e.s.,On-grid electricity,2011,0.0,828.0,0.0,0.0,0.0,0.0,0.0,0.0,0.0
Oceania,Australia and New Zealand,Australia,AUS,36,Total Non-Renewable,Fossil fuels,Fossil fuels n.e.s.,Fossil fuels n.e.s.,On-grid electricity,2012,0.0,997.0,0.0,0.0,0.0,0.0,0.0,0.0,0.0
Oceania,Australia and New Zealand,Australia,AUS,36,Total Non-Renewable,Fossil fuels,Fossil fuels n.e.s.,Fossil fuels n.e.s.,On-grid electricity,2013,0.0,1039.0,0.0,0.0,0.0,0.0,0.0,0.0,0.0
Oceania,Australia and New Zealand,Australia,AUS,36,Total Non-Renewable,Fossil fuels,Fossil fuels n.e.s.,Fossil fuels n.e.s.,On-grid electricity,2014,0.0,1127.0,0.0,0.0,0.0,0.0,0.0,0.0,0.0
Oceania,Australia and New Zealand,Australia,AUS,36,Total Non-Renewable,Fossil fuels,Fossil fuels n.e.s.,Fossil fuels n.e.s.,On-grid electricity,2015,0.0,1136.0,0.0,0.0,0.0,0.0,0.0,0.0,0.0
Oceania,Australia and New Zealand,Australia,AUS,36,Total Non-Renewable,Fossil fuels,Fossil fuels n.e.s.,Fossil fuels n.e.s.,On-grid electricity,2016,0.0,584.0,0.0,0.0,0.0,0.0,0.0,0.0,0.0
Oceania,Australia and New Zealand,Australia,AUS,36,Total Non-Renewable,Fossil fuels,Fossil fuels n.e.s.,Fossil fuels n.e.s.,On-grid electricity,2017,0.0,584.0,0.0,0.0,0.0,0.0,0.0,0.0,0.0
Oceania,Australia and New Zealand,Australia,AUS,36,Total Non-Renewable,Fossil fuels,Fossil fuels n.e.s.,Fossil fuels n.e.s.,On-grid electricity,2018,0.0,595.0,0.0,0.0,0.0,0.0,0.0,0.0,0.0
Oceania,Australia and New Zealand,Australia,AUS,36,Total Non-Renewable,Fossil fuels,Fossil fuels n.e.s.,Fossil fuels n.e.s.,On-grid electricity,2019,0.0,601.0,0.0,0.0,0.0,0.0,0.0,0.0,0.0
Oceania,Australia and New Zealand,Australia,AUS,36,Total Non-Renewable,Fossil fuels,Fossil fuels n.e.s.,Fossil fuels n.e.s.,On-grid electricity,2020,0.0,602.0,0.0,0.0,0.0,0.0,0.0,0.0,0.0
Oceania,Australia and New Zealand,Australia,AUS,36,Total Non-Renewable,Fossil fuels,Fossil fuels n.e.s.,Fossil fuels n.e.s.,On-grid electricity,2021,0.0,602.0,0.0,0.0,0.0,0.0,0.0,0.0,0.0
Oceania,Australia and New Zealand,Australia,AUS,36,Total Non-Renewable,Fossil fuels,Fossil fuels n.e.s.,Fossil fuels n.e.s.,On-grid electricity,2022,0.0,602.0,0.0,0.0,0.0,0.0,0.0,0.0,0.0
Oceania,Australia and New Zealand,Australia,AUS,36,Total Non-Renewable,Fossil fuels,Fossil fuels n.e.s.,Fossil fuels n.e.s.,On-grid electricity,2023,0.0,602.0,0.0,0.0,0.0,0.0,0.0,0.0,0.0
Oceania,Australia and New Zealand,Australia,AUS,36,Total Non-Renewable,Fossil fuels,Natural gas,Natural gas,On-grid electricity,2000,16245.0,5497.0,0.0,0.0,0.0,0.0,0.0,0.0,0.0
Oceania,Australia and New Zealand,Australia,AUS,36,Total Non-Renewable,Fossil fuels,Natural gas,Natural gas,On-grid electricity,2001,17271.0,5846.0,0.0,0.0,0.0,0.0,0.0,0.0,0.0
Oceania,Australia and New Zealand,Australia,AUS,36,Total Non-Renewable,Fossil fuels,Natural gas,Natural gas,On-grid electricity,2002,31730.0,8304.0,0.0,0.0,0.0,0.0,0.0,0.0,0.0
Oceania,Australia and New Zealand,Australia,AUS,36,Total Non-Renewable,Fossil fuels,Natural gas,Natural gas,On-grid electricity,2003,29376.0,8538.0,0.0,0.0,0.0,0.0,0.0,0.0,0.0
Oceania,Australia and New Zealand,Australia,AUS,36,Total Non-Renewable,Fossil fuels,Natural gas,Natural gas,On-grid electricity,2004,30919.0,8748.0,0.0,0.0,0.0,0.0,0.0,0.0,0.0
Oceania,Australia and New Zealand,Australia,AUS,36,Total Non-Renewable,Fossil fuels,Natural gas,Natural gas,On-grid electricity,2005,23803.0,8377.0,0.0,0.0,0.0,0.0,0.0,0.0,0.0
Oceania,Australia and New Zealand,Australia,AUS,36,Total Non-Renewable,Fossil fuels,Natural gas,Natural gas,On-grid electricity,2006,22726.0,8951.0,0.0,0.0,0.0,0.0,0.0,0.0,0.0
Oceania,Australia and New Zealand,Australia,AUS,36,Total Non-Renewable,Fossil fuels,Natural gas,Natural gas,On-grid electricity,2007,31849.0,11227.0,0.0,0.0,0.0,0.0,0.0,0.0,0.0
Oceania,Australia and New Zealand,Australia,AUS,36,Total Non-Renewable,Fossil fuels,Natural gas,Natural gas,On-grid electricity,2008,34955.0,11710.0,0.0,0.0,0.0,0.0,0.0,0.0,0.0
Oceania,Australia and New Zealand,Australia,AUS,36,Total Non-Renewable,Fossil fuels,Natural gas,Natural gas,On-grid electricity,2009,40072.0,13805.0,0.0,0.0,0.0,0.0,0.0,0.0,0.0
Oceania,Australia and New Zealand,Australia,AUS,36,Total Non-Renewable,Fossil fuels,Natural gas,Natural gas,On-grid electricity,2010,44585.0,15863.0,0.0,0.0,0.0,0.0,0.0,0.0,0.0
Oceania,Australia and New Zealand,Australia,AUS,36,Total Non-Renewable,Fossil fuels,Natural gas,Natural gas,On-grid electricity,2011,48997.0,16372.0,0.0,0.0,0.0,0.0,0.0,0.0,0.0
Oceania,Australia and New Zealand,Australia,AUS,36,Total Non-Renewable,Fossil fuels,Natural gas,Natural gas,On-grid electricity,2012,48572.0,16949.0,0.0,0.0,0.0,0.0,0.0,0.0,0.0
Oceania,Australia and New Zealand,Australia,AUS,36,Total Non-Renewable,Fossil fuels,Natural gas,Natural gas,On-grid electricity,2013,51054.0,17272.0,0.0,0.0,0.0,0.0,0.0,0.0,0.0
Oceania,Australia and New Zealand,Australia,AUS,36,Total Non-Renewable,Fossil fuels,Natural gas,Natural gas,On-grid electricity,2014,54394.0,17797.0,0.0,0.0,0.0,0.0,0.0,0.0,0.0
Oceania,Australia and New Zealand,Australia,AUS,36,Total Non-Renewable,Fossil fuels,Natural gas,Natural gas,On-grid electricity,2015,52462.0,22573.0,0.0,0.0,0.0,0.0,0.0,0.0,0.0
Oceania,Australia and New Zealand,Australia,AUS,36,Total Non-Renewable,Fossil fuels,Natural gas,Natural gas,On-grid electricity,2016,50410.0,22500.0,0.0,0.0,0.0,0.0,0.0,0.0,0.0
Oceania,Australia and New Zealand,Australia,AUS,36,Total Non-Renewable,Fossil fuels,Natural gas,Natural gas,On-grid electricity,2017,50460.0,22127.0,0.0,0.0,0.0,0.0,0.0,0.0,0.0
Oceania,Australia and New Zealand,Australia,AUS,36,Total Non-Renewable,Fossil fuels,Natural gas,Natural gas,On-grid electricity,2018,53817.0,22846.0,0.0,0.0,0.0,0.0,0.0,0.0,0.0
Oceania,Australia and New Zealand,Australia,AUS,36,Total Non-Renewable,Fossil fuels,Natural gas,Natural gas,On-grid electricity,2019,52775.0,22722.0,0.0,0.0,0.0,0.0,0.0,0.0,0.0
Oceania,Australia and New Zealand,Australia,AUS,36,Total Non-Renewable,Fossil fuels,Natural gas,Natural gas,On-grid electricity,2020,55216.0,24060.0,0.0,0.0,0.0,0.0,0.0,0.0,0.0
Oceania,Australia and New Zealand,Australia,AUS,36,Total Non-Renewable,Fossil fuels,Natural gas,Natural gas,On-grid electricity,2021,49783.0,24330.0,0.0,0.0,0.0,0.0,0.0,0.0,0.0
Oceania,Australia and New Zealand,Australia,AUS,36,Total Non-Renewable,Fossil fuels,Natural gas,Natural gas,On-grid electricity,2022,49280.0,25014.0,0.0,0.0,0.0,0.0,0.0,0.0,0.0
Oceania,Australia and New Zealand,Australia,AUS,36,Total Non-Renewable,Fossil fuels,Natural gas,Natural gas,On-grid electricity,2023,0.0,25074.0,0.0,0.0,0.0,0.0,0.0,0.0,0.0
Oceania,Australia and New Zealand,Australia,AUS,36,Total Non-Renewable,Fossil fuels,Oil,Oil,On-grid electricity,2000,1784.0,1931.0,0.0,0.0,0.0,0.0,0.0,0.0,0.0
Oceania,Australia and New Zealand,Australia,AUS,36,Total Non-Renewable,Fossil fuels,Oil,Oil,On-grid electricity,2001,2044.0,1700.0,0.0,0.0,0.0,0.0,0.0,0.0,0.0
Oceania,Australia and New Zealand,Australia,AUS,36,Total Non-Renewable,Fossil fuels,Oil,Oil,On-grid electricity,2002,2446.0,1882.0,0.0,0.0,0.0,0.0,0.0,0.0,0.0
Oceania,Australia and New Zealand,Australia,AUS,36,Total Non-Renewable,Fossil fuels,Oil,Oil,On-grid electricity,2003,1661.0,1620.0,0.0,0.0,0.0,0.0,0.0,0.0,0.0
Oceania,Australia and New Zealand,Australia,AUS,36,Total Non-Renewable,Fossil fuels,Oil,Oil,On-grid electricity,2004,1389.0,1196.0,0.0,0.0,0.0,0.0,0.0,0.0,0.0
Oceania,Australia and New Zealand,Australia,AUS,36,Total Non-Renewable,Fossil fuels,Oil,Oil,On-grid electricity,2005,2841.0,1089.0,0.0,0.0,0.0,0.0,0.0,0.0,0.0
Oceania,Australia and New Zealand,Australia,AUS,36,Total Non-Renewable,Fossil fuels,Oil,Oil,On-grid electricity,2006,3058.0,1111.0,0.0,0.0,0.0,0.0,0.0,0.0,0.0
Oceania,Australia and New Zealand,Australia,AUS,36,Total Non-Renewable,Fossil fuels,Oil,Oil,On-grid electricity,2007,2893.0,1045.0,0.0,0.0,0.0,0.0,0.0,0.0,0.0
Oceania,Australia and New Zealand,Australia,AUS,36,Total Non-Renewable,Fossil fuels,Oil,Oil,On-grid electricity,2008,4058.0,1074.0,0.0,0.0,0.0,0.0,0.0,0.0,0.0
Oceania,Australia and New Zealand,Australia,AUS,36,Total Non-Renewable,Fossil fuels,Oil,Oil,On-grid electricity,2009,3598.0,1336.0,0.0,0.0,0.0,0.0,0.0,0.0,0.0
Oceania,Australia and New Zealand,Australia,AUS,36,Total Non-Renewable,Fossil fuels,Oil,Oil,On-grid electricity,2010,6098.0,2180.0,0.0,0.0,0.0,0.0,0.0,0.0,0.0
Oceania,Australia and New Zealand,Australia,AUS,36,Total Non-Renewable,Fossil fuels,Oil,Oil,On-grid electricity,2011,5809.0,2121.0,0.0,0.0,0.0,0.0,0.0,0.0,0.0
Oceania,Australia and New Zealand,Australia,AUS,36,Total Non-Renewable,Fossil fuels,Oil,Oil,On-grid electricity,2012,3790.0,1707.0,0.0,0.0,0.0,0.0,0.0,0.0,0.0
Oceania,Australia and New Zealand,Australia,AUS,36,Total Non-Renewable,Fossil fuels,Oil,Oil,On-grid electricity,2013,6410.0,2137.0,0.0,0.0,0.0,0.0,0.0,0.0,0.0
Oceania,Australia and New Zealand,Australia,AUS,36,Total Non-Renewable,Fossil fuels,Oil,Oil,On-grid electricity,2014,5013.0,1987.0,0.0,0.0,0.0,0.0,0.0,0.0,0.0
Oceania,Australia and New Zealand,Australia,AUS,36,Total Non-Renewable,Fossil fuels,Oil,Oil,On-grid electricity,2015,6799.0,3406.0,0.0,0.0,0.0,0.0,0.0,0.0,0.0
Oceania,Australia and New Zealand,Australia,AUS,36,Total Non-Renewable,Fossil fuels,Oil,Oil,On-grid electricity,2016,5575.0,3083.0,0.0,0.0,0.0,0.0,0.0,0.0,0.0
Oceania,Australia and New Zealand,Australia,AUS,36,Total Non-Renewable,Fossil fuels,Oil,Oil,On-grid electricity,2017,5274.0,2493.0,0.0,0.0,0.0,0.0,0.0,0.0,0.0
Oceania,Australia and New Zealand,Australia,AUS,36,Total Non-Renewable,Fossil fuels,Oil,Oil,On-grid electricity,2018,4838.0,2441.0,0.0,0.0,0.0,0.0,0.0,0.0,0.0
Oceania,Australia and New Zealand,Australia,AUS,36,Total Non-Renewable,Fossil fuels,Oil,Oil,On-grid electricity,2019,4923.0,2399.0,0.0,0.0,0.0,0.0,0.0,0.0,0.0
Oceania,Australia and New Zealand,Australia,AUS,36,Total Non-Renewable,Fossil fuels,Oil,Oil,On-grid electricity,2020,4509.0,2307.0,0.0,0.0,0.0,0.0,0.0,0.0,0.0
Oceania,Australia and New Zealand,Australia,AUS,36,Total Non-Renewable,Fossil fuels,Oil,Oil,On-grid electricity,2021,4662.0,2434.0,0.0,0.0,0.0,0.0,0.0,0.0,0.0
Oceania,Australia and New Zealand,Australia,AUS,36,Total Non-Renewable,Fossil fuels,Oil,Oil,On-grid electricity,2022,4665.0,2397.0,0.0,0.0,0.0,0.0,0.0,0.0,0.0
Oceania,Australia and New Zealand,Australia,AUS,36,Total Non-Renewable,Fossil fuels,Oil,Oil,On-grid electricity,2023,0.0,2397.0,0.0,0.0,0.0,0.0,0.0,0.0,0.0
Oceania,Australia and New Zealand,Australia,AUS,36,Total Non-Renewable,Pumped storage,Pumped storage,Pumped storage,On-grid electricity,2000,360.0,1490.0,0.0,0.0,0.0,0.0,0.0,0.0,0.0
Oceania,Australia and New Zealand,Australia,AUS,36,Total Non-Renewable,Pumped storage,Pumped storage,Pumped storage,On-grid electricity,2001,370.0,1490.0,0.0,0.0,0.0,0.0,0.0,0.0,0.0
Oceania,Australia and New Zealand,Australia,AUS,36,Total Non-Renewable,Pumped storage,Pumped storage,Pumped storage,On-grid electricity,2002,177.0,1490.0,0.0,0.0,0.0,0.0,0.0,0.0,0.0
Oceania,Australia and New Zealand,Australia,AUS,36,Total Non-Renewable,Pumped storage,Pumped storage,Pumped storage,On-grid electricity,2003,216.0,1490.0,0.0,0.0,0.0,0.0,0.0,0.0,0.0
Oceania,Australia and New Zealand,Australia,AUS,36,Total Non-Renewable,Pumped storage,Pumped storage,Pumped storage,On-grid electricity,2004,221.0,1416.0,0.0,0.0,0.0,0.0,0.0,0.0,0.0
Oceania,Australia and New Zealand,Australia,AUS,36,Total Non-Renewable,Pumped storage,Pumped storage,Pumped storage,On-grid electricity,2005,303.0,810.0,0.0,0.0,0.0,0.0,0.0,0.0,0.0
Oceania,Australia and New Zealand,Australia,AUS,36,Total Non-Renewable,Pumped storage,Pumped storage,Pumped storage,On-grid electricity,2006,103.0,810.0,0.0,0.0,0.0,0.0,0.0,0.0,0.0
Oceania,Australia and New Zealand,Australia,AUS,36,Total Non-Renewable,Pumped storage,Pumped storage,Pumped storage,On-grid electricity,2007,178.0,810.0,0.0,0.0,0.0,0.0,0.0,0.0,0.0
Oceania,Australia and New Zealand,Australia,AUS,36,Total Non-Renewable,Pumped storage,Pumped storage,Pumped storage,On-grid electricity,2008,148.0,810.0,0.0,0.0,0.0,0.0,0.0,0.0,0.0
Oceania,Australia and New Zealand,Australia,AUS,36,Total Non-Renewable,Pumped storage,Pumped storage,Pumped storage,On-grid electricity,2009,67.0,810.0,0.0,0.0,0.0,0.0,0.0,0.0,0.0
Oceania,Australia and New Zealand,Australia,AUS,36,Total Non-Renewable,Pumped storage,Pumped storage,Pumped storage,On-grid electricity,2010,47.0,810.0,0.0,0.0,0.0,0.0,0.0,0.0,0.0
Oceania,Australia and New Zealand,Australia,AUS,36,Total Non-Renewable,Pumped storage,Pumped storage,Pumped storage,On-grid electricity,2011,113.0,810.0,0.0,0.0,0.0,0.0,0.0,0.0,0.0
Oceania,Australia and New Zealand,Australia,AUS,36,Total Non-Renewable,Pumped storage,Pumped storage,Pumped storage,On-grid electricity,2012,104.0,810.0,0.0,0.0,0.0,0.0,0.0,0.0,0.0
Oceania,Australia and New Zealand,Australia,AUS,36,Total Non-Renewable,Pumped storage,Pumped storage,Pumped storage,On-grid electricity,2013,154.0,810.0,0.0,0.0,0.0,0.0,0.0,0.0,0.0
Oceania,Australia and New Zealand,Australia,AUS,36,Total Non-Renewable,Pumped storage,Pumped storage,Pumped storage,On-grid electricity,2014,83.0,810.0,0.0,0.0,0.0,0.0,0.0,0.0,0.0
Oceania,Australia and New Zealand,Australia,AUS,36,Total Non-Renewable,Pumped storage,Pumped storage,Pumped storage,On-grid electricity,2015,121.0,810.0,0.0,0.0,0.0,0.0,0.0,0.0,0.0
Oceania,Australia and New Zealand,Australia,AUS,36,Total Non-Renewable,Pumped storage,Pumped storage,Pumped storage,On-grid electricity,2016,297.0,810.0,0.0,0.0,0.0,0.0,0.0,0.0,0.0
Oceania,Australia and New Zealand,Australia,AUS,36,Total Non-Renewable,Pumped storage,Pumped storage,Pumped storage,On-grid electricity,2017,248.0,810.0,0.0,0.0,0.0,0.0,0.0,0.0,0.0
Oceania,Australia and New Zealand,Australia,AUS,36,Total Non-Renewable,Pumped storage,Pumped storage,Pumped storage,On-grid electricity,2018,217.0,810.0,0.0,0.0,0.0,0.0,0.0,0.0,0.0
Oceania,Australia and New Zealand,Australia,AUS,36,Total Non-Renewable,Pumped storage,Pumped storage,Pumped storage,On-grid electricity,2019,365.0,810.0,0.0,0.0,0.0,0.0,0.0,0.0,0.0
Oceania,Australia and New Zealand,Australia,AUS,36,Total Non-Renewable,Pumped storage,Pumped storage,Pumped storage,On-grid electricity,2020,386.0,810.0,0.0,0.0,0.0,0.0,0.0,0.0,0.0
Oceania,Australia and New Zealand,Australia,AUS,36,Total Non-Renewable,Pumped storage,Pumped storage,Pumped storage,On-grid electricity,2021,439.0,810.0,0.0,0.0,0.0,0.0,0.0,0.0,0.0
Oceania,Australia and New Zealand,Australia,AUS,36,Total Non-Renewable,Pumped storage,Pumped storage,Pumped storage,On-grid electricity,2022,714.0,810.0,0.0,0.0,0.0,0.0,0.0,0.0,0.0
Oceania,Australia and New Zealand,Australia,AUS,36,Total Non-Renewable,Pumped storage,Pumped storage,Pumped storage,On-grid electricity,2023,0.0,810.0,0.0,0.0,0.0,0.0,0.0,0.0,0.0
Oceania,Australia and New Zealand,Australia,AUS,36,Total Renewable,Bioenergy,Biogas,Landfill gas,On-grid electricity,2000,449.0,90.0,0.0,0.0,0.0,0.0,0.0,0.0,0.0
Oceania,Australia and New Zealand,Australia,AUS,36,Total Renewable,Bioenergy,Biogas,Landfill gas,On-grid electricity,2001,712.0,92.0,0.0,0.0,0.0,0.0,0.0,0.0,0.0
Oceania,Australia and New Zealand,Australia,AUS,36,Total Renewable,Bioenergy,Biogas,Landfill gas,On-grid electricity,2002,854.0,99.0,0.0,0.0,0.0,0.0,0.0,0.0,0.0
Oceania,Australia and New Zealand,Australia,AUS,36,Total Renewable,Bioenergy,Biogas,Landfill gas,On-grid electricity,2003,757.0,143.0,0.0,0.0,0.0,0.0,0.0,0.0,0.0
Oceania,Australia and New Zealand,Australia,AUS,36,Total Renewable,Bioenergy,Biogas,Landfill gas,On-grid electricity,2004,741.0,207.0,0.0,0.0,0.0,0.0,0.0,0.0,0.0
Oceania,Australia and New Zealand,Australia,AUS,36,Total Renewable,Bioenergy,Biogas,Landfill gas,On-grid electricity,2005,593.0,265.0,0.0,0.0,0.0,0.0,0.0,0.0,0.0
Oceania,Australia and New Zealand,Australia,AUS,36,Total Renewable,Bioenergy,Biogas,Landfill gas,On-grid electricity,2006,643.0,270.0,0.0,0.0,0.0,0.0,0.0,0.0,0.0
Oceania,Australia and New Zealand,Australia,AUS,36,Total Renewable,Bioenergy,Biogas,Landfill gas,On-grid electricity,2007,637.0,273.0,0.0,0.0,0.0,0.0,0.0,0.0,0.0
Oceania,Australia and New Zealand,Australia,AUS,36,Total Renewable,Bioenergy,Biogas,Landfill gas,On-grid electricity,2008,859.0,218.0,0.0,0.0,0.0,0.0,0.0,0.0,0.0
Oceania,Australia and New Zealand,Australia,AUS,36,Total Renewable,Bioenergy,Biogas,Landfill gas,On-grid electricity,2009,1031.0,225.0,0.0,0.0,0.0,0.0,0.0,0.0,0.0
Oceania,Australia and New Zealand,Australia,AUS,36,Total Renewable,Bioenergy,Biogas,Landfill gas,On-grid electricity,2010,1016.0,228.0,0.0,0.0,0.0,0.0,0.0,0.0,0.0
Oceania,Australia and New Zealand,Australia,AUS,36,Total Renewable,Bioenergy,Biogas,Landfill gas,On-grid electricity,2011,1025.0,229.0,0.0,0.0,0.0,0.0,0.0,0.0,0.0
Oceania,Australia and New Zealand,Australia,AUS,36,Total Renewable,Bioenergy,Biogas,Landfill gas,On-grid electricity,2012,1624.0,230.0,0.0,0.0,0.0,0.0,0.0,0.0,0.0
Oceania,Australia and New Zealand,Australia,AUS,36,Total Renewable,Bioenergy,Biogas,Landfill gas,On-grid electricity,2013,1601.0,220.0,0.0,0.0,0.0,0.0,0.0,0.0,0.0
Oceania,Australia and New Zealand,Australia,AUS,36,Total Renewable,Bioenergy,Biogas,Landfill gas,On-grid electricity,2014,1635.0,226.0,0.0,0.0,0.0,0.0,0.0,0.0,0.0
Oceania,Australia and New Zealand,Australia,AUS,36,Total Renewable,Bioenergy,Biogas,Landfill gas,On-grid electricity,2015,1491.0,228.0,0.0,0.0,0.0,0.0,0.0,0.0,0.0
Oceania,Australia and New Zealand,Australia,AUS,36,Total Renewable,Bioenergy,Biogas,Landfill gas,On-grid electricity,2016,1271.0,190.0,0.0,0.0,0.0,0.0,0.0,0.0,0.0
Oceania,Australia and New Zealand,Australia,AUS,36,Total Renewable,Bioenergy,Biogas,Landfill gas,On-grid electricity,2017,1193.0,190.0,0.0,0.0,0.0,0.0,0.0,0.0,0.0
Oceania,Australia and New Zealand,Australia,AUS,36,Total Renewable,Bioenergy,Biogas,Landfill gas,On-grid electricity,2018,966.0,150.0,0.0,0.0,0.0,0.0,0.0,0.0,0.0
Oceania,Australia and New Zealand,Australia,AUS,36,Total Renewable,Bioenergy,Biogas,Landfill gas,On-grid electricity,2019,1002.0,150.0,0.0,0.0,0.0,0.0,0.0,0.0,0.0
Oceania,Australia and New Zealand,Australia,AUS,36,Total Renewable,Bioenergy,Biogas,Landfill gas,On-grid electricity,2020,1007.0,150.0,0.0,0.0,0.0,0.0,0.0,0.0,0.0
Oceania,Australia and New Zealand,Australia,AUS,36,Total Renewable,Bioenergy,Biogas,Landfill gas,On-grid electricity,2021,1013.0,150.0,0.0,0.0,0.0,0.0,0.0,0.0,0.0
Oceania,Australia and New Zealand,Australia,AUS,36,Total Renewable,Bioenergy,Biogas,Landfill gas,On-grid electricity,2022,943.0,150.0,0.0,0.0,0.0,0.0,0.0,0.0,0.0
Oceania,Australia and New Zealand,Australia,AUS,36,Total Renewable,Bioenergy,Biogas,Landfill gas,On-grid electricity,2023,0.0,150.0,0.0,0.0,0.0,0.0,0.0,0.0,0.0
Oceania,Australia and New Zealand,Australia,AUS,36,Total Renewable,Bioenergy,Biogas,Other biogases from anaerobic fermentation,On-grid electricity,2018,72.0,10.0,0.0,0.0,0.0,0.0,0.0,0.0,0.0
Oceania,Australia and New Zealand,Australia,AUS,36,Total Renewable,Bioenergy,Biogas,Other biogases from anaerobic fermentation,On-grid electricity,2019,82.0,10.0,0.0,0.0,0.0,0.0,0.0,0.0,0.0
Oceania,Australia and New Zealand,Australia,AUS,36,Total Renewable,Bioenergy,Biogas,Other biogases from anaerobic fermentation,On-grid electricity,2020,125.0,17.0,0.0,0.0,0.0,0.0,0.0,0.0,0.0
Oceania,Australia and New Zealand,Australia,AUS,36,Total Renewable,Bioenergy,Biogas,Other biogases from anaerobic fermentation,On-grid electricity,2021,123.0,17.0,0.0,0.0,0.0,0.0,0.0,0.0,0.0
Oceania,Australia and New Zealand,Australia,AUS,36,Total Renewable,Bioenergy,Biogas,Other biogases from anaerobic fermentation,On-grid electricity,2022,156.0,17.0,0.0,0.0,0.0,0.0,0.0,0.0,0.0
Oceania,Australia and New Zealand,Australia,AUS,36,Total Renewable,Bioenergy,Biogas,Other biogases from anaerobic fermentation,On-grid electricity,2023,0.0,17.0,0.0,0.0,0.0,0.0,0.0,0.0,0.0
Oceania,Australia and New Zealand,Australia,AUS,36,Total Renewable,Bioenergy,Biogas,Sewage sludge gas,On-grid electricity,2018,216.0,30.0,0.0,0.0,0.0,0.0,0.0,0.0,0.0
Oceania,Australia and New Zealand,Australia,AUS,36,Total Renewable,Bioenergy,Biogas,Sewage sludge gas,On-grid electricity,2019,248.0,30.0,0.0,0.0,0.0,0.0,0.0,0.0,0.0
Oceania,Australia and New Zealand,Australia,AUS,36,Total Renewable,Bioenergy,Biogas,Sewage sludge gas,On-grid electricity,2020,221.0,30.0,0.0,0.0,0.0,0.0,0.0,0.0,0.0
Oceania,Australia and New Zealand,Australia,AUS,36,Total Renewable,Bioenergy,Biogas,Sewage sludge gas,On-grid electricity,2021,218.0,30.0,0.0,0.0,0.0,0.0,0.0,0.0,0.0
Oceania,Australia and New Zealand,Australia,AUS,36,Total Renewable,Bioenergy,Biogas,Sewage sludge gas,On-grid electricity,2022,274.0,30.0,0.0,0.0,0.0,0.0,0.0,0.0,0.0
Oceania,Australia and New Zealand,Australia,AUS,36,Total Renewable,Bioenergy,Biogas,Sewage sludge gas,On-grid electricity,2023,0.0,30.0,0.0,0.0,0.0,0.0,0.0,0.0,0.0
Oceania,Australia and New Zealand,Australia,AUS,36,Total Renewable,Bioenergy,Renewable municipal waste,Renewable municipal waste,On-grid electricity,2023,0.0,0.36,0.0,0.0,0.0,0.0,0.0,0.0,0.0
Oceania,Australia and New Zealand,Australia,AUS,36,Total Renewable,Bioenergy,Solid biofuels,Bagasse,On-grid electricity,2000,634.0,183.0,0.0,0.0,0.0,0.0,0.0,0.0,0.0
Oceania,Australia and New Zealand,Australia,AUS,36,Total Renewable,Bioenergy,Solid biofuels,Bagasse,On-grid electricity,2001,586.0,334.0,0.0,0.0,0.0,0.0,0.0,0.0,0.0
Oceania,Australia and New Zealand,Australia,AUS,36,Total Renewable,Bioenergy,Solid biofuels,Bagasse,On-grid electricity,2002,619.0,334.0,0.0,0.0,0.0,0.0,0.0,0.0,0.0
Oceania,Australia and New Zealand,Australia,AUS,36,Total Renewable,Bioenergy,Solid biofuels,Bagasse,On-grid electricity,2003,663.0,334.0,0.0,0.0,0.0,0.0,0.0,0.0,0.0
Oceania,Australia and New Zealand,Australia,AUS,36,Total Renewable,Bioenergy,Solid biofuels,Bagasse,On-grid electricity,2004,844.0,334.0,0.0,0.0,0.0,0.0,0.0,0.0,0.0
Oceania,Australia and New Zealand,Australia,AUS,36,Total Renewable,Bioenergy,Solid biofuels,Bagasse,On-grid electricity,2005,2514.0,334.0,0.0,0.0,0.0,0.0,0.0,0.0,0.0
Oceania,Australia and New Zealand,Australia,AUS,36,Total Renewable,Bioenergy,Solid biofuels,Bagasse,On-grid electricity,2006,2583.0,394.0,0.0,0.0,0.0,0.0,0.0,0.0,0.0
Oceania,Australia and New Zealand,Australia,AUS,36,Total Renewable,Bioenergy,Solid biofuels,Bagasse,On-grid electricity,2007,2652.0,394.0,0.0,0.0,0.0,0.0,0.0,0.0,0.0
Oceania,Australia and New Zealand,Australia,AUS,36,Total Renewable,Bioenergy,Solid biofuels,Bagasse,On-grid electricity,2008,2099.0,394.0,0.0,0.0,0.0,0.0,0.0,0.0,0.0
Oceania,Australia and New Zealand,Australia,AUS,36,Total Renewable,Bioenergy,Solid biofuels,Bagasse,On-grid electricity,2009,1502.0,424.0,0.0,0.0,0.0,0.0,0.0,0.0,0.0
Oceania,Australia and New Zealand,Australia,AUS,36,Total Renewable,Bioenergy,Solid biofuels,Bagasse,On-grid electricity,2010,1401.0,424.0,0.0,0.0,0.0,0.0,0.0,0.0,0.0
Oceania,Australia and New Zealand,Australia,AUS,36,Total Renewable,Bioenergy,Solid biofuels,Bagasse,On-grid electricity,2011,815.0,424.0,0.0,0.0,0.0,0.0,0.0,0.0,0.0
Oceania,Australia and New Zealand,Australia,AUS,36,Total Renewable,Bioenergy,Solid biofuels,Bagasse,On-grid electricity,2012,1170.0,424.0,0.0,0.0,0.0,0.0,0.0,0.0,0.0
Oceania,Australia and New Zealand,Australia,AUS,36,Total Renewable,Bioenergy,Solid biofuels,Bagasse,On-grid electricity,2013,1246.0,424.0,0.0,0.0,0.0,0.0,0.0,0.0,0.0
Oceania,Australia and New Zealand,Australia,AUS,36,Total Renewable,Bioenergy,Solid biofuels,Bagasse,On-grid electricity,2014,1466.0,424.0,0.0,0.0,0.0,0.0,0.0,0.0,0.0
Oceania,Australia and New Zealand,Australia,AUS,36,Total Renewable,Bioenergy,Solid biofuels,Bagasse,On-grid electricity,2015,1609.0,424.0,0.0,0.0,0.0,0.0,0.0,0.0,0.0
Oceania,Australia and New Zealand,Australia,AUS,36,Total Renewable,Bioenergy,Solid biofuels,Bagasse,On-grid electricity,2016,1810.0,500.0,0.0,0.0,0.0,0.0,0.0,0.0,0.0
Oceania,Australia and New Zealand,Australia,AUS,36,Total Renewable,Bioenergy,Solid biofuels,Bagasse,On-grid electricity,2017,1521.0,500.0,0.0,0.0,0.0,0.0,0.0,0.0,0.0
Oceania,Australia and New Zealand,Australia,AUS,36,Total Renewable,Bioenergy,Solid biofuels,Bagasse,On-grid electricity,2018,1443.0,500.0,0.0,0.0,0.0,0.0,0.0,0.0,0.0
Oceania,Australia and New Zealand,Australia,AUS,36,Total Renewable,Bioenergy,Solid biofuels,Bagasse,On-grid electricity,2019,1312.0,500.0,0.0,0.0,0.0,0.0,0.0,0.0,0.0
Oceania,Australia and New Zealand,Australia,AUS,36,Total Renewable,Bioenergy,Solid biofuels,Bagasse,On-grid electricity,2020,1219.0,500.0,0.0,0.0,0.0,0.0,0.0,0.0,0.0
Oceania,Australia and New Zealand,Australia,AUS,36,Total Renewable,Bioenergy,Solid biofuels,Bagasse,On-grid electricity,2021,1250.0,500.0,0.0,0.0,0.0,0.0,0.0,0.0,0.0
Oceania,Australia and New Zealand,Australia,AUS,36,Total Renewable,Bioenergy,Solid biofuels,Bagasse,On-grid electricity,2022,1141.0,500.0,0.0,0.0,0.0,0.0,0.0,0.0,0.0
Oceania,Australia and New Zealand,Australia,AUS,36,Total Renewable,Bioenergy,Solid biofuels,Bagasse,On-grid electricity,2023,0.0,500.0,0.0,0.0,0.0,0.0,0.0,0.0,0.0
Oceania,Australia and New Zealand,Australia,AUS,36,Total Renewable,Bioenergy,Solid biofuels,Black liquor,On-grid electricity,2000,51.0,149.0,0.0,0.0,0.0,0.0,0.0,0.0,0.0
Oceania,Australia and New Zealand,Australia,AUS,36,Total Renewable,Bioenergy,Solid biofuels,Black liquor,On-grid electricity,2001,47.0,149.0,0.0,0.0,0.0,0.0,0.0,0.0,0.0
Oceania,Australia and New Zealand,Australia,AUS,36,Total Renewable,Bioenergy,Solid biofuels,Black liquor,On-grid electricity,2002,50.0,149.0,0.0,0.0,0.0,0.0,0.0,0.0,0.0
Oceania,Australia and New Zealand,Australia,AUS,36,Total Renewable,Bioenergy,Solid biofuels,Black liquor,On-grid electricity,2003,53.0,149.0,0.0,0.0,0.0,0.0,0.0,0.0,0.0
Oceania,Australia and New Zealand,Australia,AUS,36,Total Renewable,Bioenergy,Solid biofuels,Black liquor,On-grid electricity,2004,67.0,155.0,0.0,0.0,0.0,0.0,0.0,0.0,0.0
Oceania,Australia and New Zealand,Australia,AUS,36,Total Renewable,Bioenergy,Solid biofuels,Black liquor,On-grid electricity,2005,201.0,158.0,0.0,0.0,0.0,0.0,0.0,0.0,0.0
Oceania,Australia and New Zealand,Australia,AUS,36,Total Renewable,Bioenergy,Solid biofuels,Black liquor,On-grid electricity,2006,207.0,161.0,0.0,0.0,0.0,0.0,0.0,0.0,0.0
Oceania,Australia and New Zealand,Australia,AUS,36,Total Renewable,Bioenergy,Solid biofuels,Black liquor,On-grid electricity,2007,212.0,173.0,0.0,0.0,0.0,0.0,0.0,0.0,0.0
Oceania,Australia and New Zealand,Australia,AUS,36,Total Renewable,Bioenergy,Solid biofuels,Black liquor,On-grid electricity,2008,168.0,173.0,0.0,0.0,0.0,0.0,0.0,0.0,0.0
Oceania,Australia and New Zealand,Australia,AUS,36,Total Renewable,Bioenergy,Solid biofuels,Black liquor,On-grid electricity,2009,120.0,173.0,0.0,0.0,0.0,0.0,0.0,0.0,0.0
Oceania,Australia and New Zealand,Australia,AUS,36,Total Renewable,Bioenergy,Solid biofuels,Black liquor,On-grid electricity,2010,178.0,173.0,0.0,0.0,0.0,0.0,0.0,0.0,0.0
Oceania,Australia and New Zealand,Australia,AUS,36,Total Renewable,Bioenergy,Solid biofuels,Black liquor,On-grid electricity,2011,150.0,173.0,0.0,0.0,0.0,0.0,0.0,0.0,0.0
Oceania,Australia and New Zealand,Australia,AUS,36,Total Renewable,Bioenergy,Solid biofuels,Black liquor,On-grid electricity,2012,102.0,173.0,0.0,0.0,0.0,0.0,0.0,0.0,0.0
Oceania,Australia and New Zealand,Australia,AUS,36,Total Renewable,Bioenergy,Solid biofuels,Black liquor,On-grid electricity,2013,144.0,173.0,0.0,0.0,0.0,0.0,0.0,0.0,0.0
Oceania,Australia and New Zealand,Australia,AUS,36,Total Renewable,Bioenergy,Solid biofuels,Black liquor,On-grid electricity,2014,216.0,174.0,0.0,0.0,0.0,0.0,0.0,0.0,0.0
Oceania,Australia and New Zealand,Australia,AUS,36,Total Renewable,Bioenergy,Solid biofuels,Black liquor,On-grid electricity,2015,130.0,174.0,0.0,0.0,0.0,0.0,0.0,0.0,0.0
Oceania,Australia and New Zealand,Australia,AUS,36,Total Renewable,Bioenergy,Solid biofuels,Black liquor,On-grid electricity,2016,204.0,174.0,0.0,0.0,0.0,0.0,0.0,0.0,0.0
Oceania,Australia and New Zealand,Australia,AUS,36,Total Renewable,Bioenergy,Solid biofuels,Black liquor,On-grid electricity,2017,214.0,174.0,0.0,0.0,0.0,0.0,0.0,0.0,0.0
Oceania,Australia and New Zealand,Australia,AUS,36,Total Renewable,Bioenergy,Solid biofuels,Black liquor,On-grid electricity,2018,207.0,174.0,0.0,0.0,0.0,0.0,0.0,0.0,0.0
Oceania,Australia and New Zealand,Australia,AUS,36,Total Renewable,Bioenergy,Solid biofuels,Black liquor,On-grid electricity,2019,217.0,174.0,0.0,0.0,0.0,0.0,0.0,0.0,0.0
Oceania,Australia and New Zealand,Australia,AUS,36,Total Renewable,Bioenergy,Solid biofuels,Black liquor,On-grid electricity,2020,168.0,174.0,0.0,0.0,0.0,0.0,0.0,0.0,0.0
Oceania,Australia and New Zealand,Australia,AUS,36,Total Renewable,Bioenergy,Solid biofuels,Black liquor,On-grid electricity,2021,228.0,174.0,0.0,0.0,0.0,0.0,0.0,0.0,0.0
Oceania,Australia and New Zealand,Australia,AUS,36,Total Renewable,Bioenergy,Solid biofuels,Black liquor,On-grid electricity,2022,226.0,174.0,0.0,0.0,0.0,0.0,0.0,0.0,0.0
Oceania,Australia and New Zealand,Australia,AUS,36,Total Renewable,Bioenergy,Solid biofuels,Black liquor,On-grid electricity,2023,0.0,174.0,0.0,0.0,0.0,0.0,0.0,0.0,0.0
Oceania,Australia and New Zealand,Australia,AUS,36,Total Renewable,Bioenergy,Solid biofuels,Other primary solid biofuels n.e.s.,All types,2000,0.0,0.0,0.0,0.0,0.0,0.0,0.0,0.0,22.18954785
Oceania,Australia and New Zealand,Australia,AUS,36,Total Renewable,Bioenergy,Solid biofuels,Other primary solid biofuels n.e.s.,All types,2001,0.0,0.0,0.0,0.0,0.0,0.0,0.0,0.0,29.87301165
Oceania,Australia and New Zealand,Australia,AUS,36,Total Renewable,Bioenergy,Solid biofuels,Other primary solid biofuels n.e.s.,All types,2002,0.0,0.0,0.0,0.0,0.0,0.0,0.0,0.0,29.8831722
Oceania,Australia and New Zealand,Australia,AUS,36,Total Renewable,Bioenergy,Solid biofuels,Other primary solid biofuels n.e.s.,All types,2003,0.0,0.0,0.0,0.0,0.0,0.0,0.0,0.0,31.77826447
Oceania,Australia and New Zealand,Australia,AUS,36,Total Renewable,Bioenergy,Solid biofuels,Other primary solid biofuels n.e.s.,All types,2004,0.0,0.0,0.0,0.0,0.0,0.0,0.0,0.0,34.93089304
Oceania,Australia and New Zealand,Australia,AUS,36,Total Renewable,Bioenergy,Solid biofuels,Other primary solid biofuels n.e.s.,All types,2005,0.0,0.0,0.0,0.0,0.0,0.0,0.0,0.0,37.52776596
Oceania,Australia and New Zealand,Australia,AUS,36,Total Renewable,Bioenergy,Solid biofuels,Other primary solid biofuels n.e.s.,All types,2006,0.0,0.0,0.0,0.0,0.0,0.0,0.0,0.0,40.30873068
Oceania,Australia and New Zealand,Australia,AUS,36,Total Renewable,Bioenergy,Solid biofuels,Other primary solid biofuels n.e.s.,All types,2007,0.0,0.0,0.0,0.0,0.0,0.0,0.0,0.0,40.32484931
Oceania,Australia and New Zealand,Australia,AUS,36,Total Renewable,Bioenergy,Solid biofuels,Other primary solid biofuels n.e.s.,All types,2008,0.0,0.0,0.0,0.0,0.0,0.0,0.0,0.0,36.94487444
Oceania,Australia and New Zealand,Australia,AUS,36,Total Renewable,Bioenergy,Solid biofuels,Other primary solid biofuels n.e.s.,All types,2009,0.0,0.0,0.0,0.0,0.0,0.0,0.0,0.0,37.94857571
Oceania,Australia and New Zealand,Australia,AUS,36,Total Renewable,Bioenergy,Solid biofuels,Other primary solid biofuels n.e.s.,All types,2010,0.0,0.0,0.0,0.0,0.0,0.0,0.0,0.0,37.46735571
Oceania,Australia and New Zealand,Australia,AUS,36,Total Renewable,Bioenergy,Solid biofuels,Other primary solid biofuels n.e.s.,All types,2011,0.0,0.0,0.0,0.0,0.0,0.0,0.0,0.0,36.94586679
Oceania,Australia and New Zealand,Australia,AUS,36,Total Renewable,Bioenergy,Solid biofuels,Other primary solid biofuels n.e.s.,All types,2012,0.0,0.0,0.0,0.0,0.0,0.0,0.0,0.0,36.3848041
Oceania,Australia and New Zealand,Australia,AUS,36,Total Renewable,Bioenergy,Solid biofuels,Other primary solid biofuels n.e.s.,All types,2013,0.0,0.0,0.0,0.0,0.0,0.0,0.0,0.0,35.34993537
Oceania,Australia and New Zealand,Australia,AUS,36,Total Renewable,Bioenergy,Solid biofuels,Other primary solid biofuels n.e.s.,All types,2014,0.0,0.0,0.0,0.0,0.0,0.0,0.0,0.0,35.10927912
Oceania,Australia and New Zealand,Australia,AUS,36,Total Renewable,Bioenergy,Solid biofuels,Other primary solid biofuels n.e.s.,All types,2015,0.0,0.0,0.0,0.0,0.0,0.0,0.0,0.0,34.67639867
Oceania,Australia and New Zealand,Australia,AUS,36,Total Renewable,Bioenergy,Solid biofuels,Other primary solid biofuels n.e.s.,All types,2016,0.0,0.0,0.0,0.0,0.0,0.0,0.0,0.0,35.70882282
Oceania,Australia and New Zealand,Australia,AUS,36,Total Renewable,Bioenergy,Solid biofuels,Other primary solid biofuels n.e.s.,All types,2017,0.0,0.0,0.0,0.0,0.0,0.0,0.0,0.0,35.135757
Oceania,Australia and New Zealand,Australia,AUS,36,Total Renewable,Bioenergy,Solid biofuels,Other primary solid biofuels n.e.s.,All types,2018,0.0,0.0,0.0,0.0,0.0,0.0,0.0,0.0,34.58873632
Oceania,Australia and New Zealand,Australia,AUS,36,Total Renewable,Bioenergy,Solid biofuels,Other primary solid biofuels n.e.s.,All types,2019,0.0,0.0,0.0,0.0,0.0,0.0,0.0,0.0,34.07320296
Oceania,Australia and New Zealand,Australia,AUS,36,Total Renewable,Bioenergy,Solid biofuels,Other primary solid biofuels n.e.s.,All types,2020,0.0,0.0,0.0,0.0,0.0,0.0,0.0,0.0,33.93059094
Oceania,Australia and New Zealand,Australia,AUS,36,Total Renewable,Bioenergy,Solid biofuels,Other primary solid biofuels n.e.s.,All types,2021,0.0,0.0,0.0,0.0,0.0,0.0,0.0,0.0,33.60198331
Oceania,Australia and New Zealand,Australia,AUS,36,Total Renewable,Bioenergy,Solid biofuels,Other primary solid biofuels n.e.s.,All types,2022,0.0,0.0,0.0,0.0,0.0,0.0,0.0,0.0,33.3210925
Oceania,Australia and New Zealand,Australia,AUS,36,Total Renewable,Bioenergy,Solid biofuels,Wood waste,On-grid electricity,2002,60.0,0.0,0.0,0.0,0.0,0.0,0.0,0.0,0.0
Oceania,Australia and New Zealand,Australia,AUS,36,Total Renewable,Bioenergy,Solid biofuels,Wood waste,On-grid electricity,2003,110.0,0.0,0.0,0.0,0.0,0.0,0.0,0.0,0.0
Oceania,Australia and New Zealand,Australia,AUS,36,Total Renewable,Bioenergy,Solid biofuels,Wood waste,On-grid electricity,2004,147.0,0.0,0.0,0.0,0.0,0.0,0.0,0.0,0.0
Oceania,Australia and New Zealand,Australia,AUS,36,Total Renewable,Bioenergy,Solid biofuels,Wood waste,On-grid electricity,2005,522.0,0.0,0.0,0.0,0.0,0.0,0.0,0.0,0.0
Oceania,Australia and New Zealand,Australia,AUS,36,Total Renewable,Bioenergy,Solid biofuels,Wood waste,On-grid electricity,2006,478.0,0.0,0.0,0.0,0.0,0.0,0.0,0.0,0.0
Oceania,Australia and New Zealand,Australia,AUS,36,Total Renewable,Bioenergy,Solid biofuels,Wood waste,On-grid electricity,2007,452.0,0.0,0.0,0.0,0.0,0.0,0.0,0.0,0.0
Oceania,Australia and New Zealand,Australia,AUS,36,Total Renewable,Bioenergy,Solid biofuels,Wood waste,On-grid electricity,2008,1470.0,0.0,0.0,0.0,0.0,0.0,0.0,0.0,0.0
Oceania,Australia and New Zealand,Australia,AUS,36,Total Renewable,Bioenergy,Solid biofuels,Wood waste,On-grid electricity,2009,162.0,0.0,0.0,0.0,0.0,0.0,0.0,0.0,0.0
Oceania,Australia and New Zealand,Australia,AUS,36,Total Renewable,Bioenergy,Solid biofuels,Wood waste,On-grid electricity,2010,182.0,0.0,0.0,0.0,0.0,0.0,0.0,0.0,0.0
Oceania,Australia and New Zealand,Australia,AUS,36,Total Renewable,Bioenergy,Solid biofuels,Wood waste,On-grid electricity,2011,112.0,0.0,0.0,0.0,0.0,0.0,0.0,0.0,0.0
Oceania,Australia and New Zealand,Australia,AUS,36,Total Renewable,Bioenergy,Solid biofuels,Wood waste,On-grid electricity,2012,147.0,0.0,0.0,0.0,0.0,0.0,0.0,0.0,0.0
Oceania,Australia and New Zealand,Australia,AUS,36,Total Renewable,Bioenergy,Solid biofuels,Wood waste,On-grid electricity,2013,161.0,0.0,0.0,0.0,0.0,0.0,0.0,0.0,0.0
Oceania,Australia and New Zealand,Australia,AUS,36,Total Renewable,Bioenergy,Solid biofuels,Wood waste,On-grid electricity,2014,194.0,0.0,0.0,0.0,0.0,0.0,0.0,0.0,0.0
Oceania,Australia and New Zealand,Australia,AUS,36,Total Renewable,Bioenergy,Solid biofuels,Wood waste,On-grid electricity,2015,378.0,0.0,0.0,0.0,0.0,0.0,0.0,0.0,0.0
Oceania,Australia and New Zealand,Australia,AUS,36,Total Renewable,Bioenergy,Solid biofuels,Wood waste,On-grid electricity,2016,437.0,0.0,0.0,0.0,0.0,0.0,0.0,0.0,0.0
Oceania,Australia and New Zealand,Australia,AUS,36,Total Renewable,Bioenergy,Solid biofuels,Wood waste,On-grid electricity,2017,573.0,0.0,0.0,0.0,0.0,0.0,0.0,0.0,0.0
Oceania,Australia and New Zealand,Australia,AUS,36,Total Renewable,Bioenergy,Solid biofuels,Wood waste,On-grid electricity,2018,614.0,0.0,0.0,0.0,0.0,0.0,0.0,0.0,0.0
Oceania,Australia and New Zealand,Australia,AUS,36,Total Renewable,Bioenergy,Solid biofuels,Wood waste,On-grid electricity,2019,635.0,0.0,0.0,0.0,0.0,0.0,0.0,0.0,0.0
Oceania,Australia and New Zealand,Australia,AUS,36,Total Renewable,Bioenergy,Solid biofuels,Wood waste,On-grid electricity,2020,611.0,0.0,0.0,0.0,0.0,0.0,0.0,0.0,0.0
Oceania,Australia and New Zealand,Australia,AUS,36,Total Renewable,Bioenergy,Solid biofuels,Wood waste,On-grid electricity,2021,515.0,0.0,0.0,0.0,0.0,0.0,0.0,0.0,0.0
Oceania,Australia and New Zealand,Australia,AUS,36,Total Renewable,Bioenergy,Solid biofuels,Wood waste,On-grid electricity,2022,450.0,0.0,0.0,0.0,0.0,0.0,0.0,0.0,0.0
Oceania,Australia and New Zealand,Australia,AUS,36,Total Renewable,Geothermal energy,Geothermal energy,Geothermal energy,All types,2000,0.0,0.0,0.0,0.0,0.0,0.0,0.0,0.0,0.010516373
Oceania,Australia and New Zealand,Australia,AUS,36,Total Renewable,Geothermal energy,Geothermal energy,Geothermal energy,All types,2001,0.0,0.0,0.0,0.0,0.0,0.0,0.0,0.0,0.010390613
Oceania,Australia and New Zealand,Australia,AUS,36,Total Renewable,Geothermal energy,Geothermal energy,Geothermal energy,All types,2002,0.0,0.0,0.0,0.0,0.0,0.0,0.0,0.0,0.010269131
Oceania,Australia and New Zealand,Australia,AUS,36,Total Renewable,Geothermal energy,Geothermal energy,Geothermal energy,All types,2003,0.0,0.0,0.0,0.0,0.0,0.0,0.0,0.0,0.0050764
Oceania,Australia and New Zealand,Australia,AUS,36,Total Renewable,Geothermal energy,Geothermal energy,Geothermal energy,All types,2004,0.0,0.0,0.0,0.0,0.0,0.0,0.0,0.0,0.005018806
Oceania,Australia and New Zealand,Australia,AUS,36,Total Renewable,Geothermal energy,Geothermal energy,Geothermal energy,All types,2005,0.0,0.0,0.0,0.0,0.0,0.0,0.0,0.0,0.009914866
Oceania,Australia and New Zealand,Australia,AUS,36,Total Renewable,Geothermal energy,Geothermal energy,Geothermal energy,All types,2006,0.0,0.0,0.0,0.0,0.0,0.0,0.0,0.0,0.004885907
Oceania,Australia and New Zealand,Australia,AUS,36,Total Renewable,Geothermal energy,Geothermal energy,Geothermal energy,All types,2007,0.0,0.0,0.0,0.0,0.0,0.0,0.0,0.0,0.004800577
Oceania,Australia and New Zealand,Australia,AUS,36,Total Renewable,Geothermal energy,Geothermal energy,Geothermal energy,All types,2008,0.0,0.0,0.0,0.0,0.0,0.0,0.0,0.0,0.004706353
Oceania,Australia and New Zealand,Australia,AUS,36,Total Renewable,Geothermal energy,Geothermal energy,Geothermal energy,All types,2009,0.0,0.0,0.0,0.0,0.0,0.0,0.0,0.0,0.004616615
Oceania,Australia and New Zealand,Australia,AUS,36,Total Renewable,Geothermal energy,Geothermal energy,Geothermal energy,All types,2010,0.0,0.0,0.0,0.0,0.0,0.0,0.0,0.0,0.004541498
Oceania,Australia and New Zealand,Australia,AUS,36,Total Renewable,Geothermal energy,Geothermal energy,Geothermal energy,All types,2011,0.0,0.0,0.0,0.0,0.0,0.0,0.0,0.0,0.004472865
Oceania,Australia and New Zealand,Australia,AUS,36,Total Renewable,Geothermal energy,Geothermal energy,Geothermal energy,All types,2012,0.0,0.0,0.0,0.0,0.0,0.0,0.0,0.0,0.004399614
Oceania,Australia and New Zealand,Australia,AUS,36,Total Renewable,Geothermal energy,Geothermal energy,Geothermal energy,All types,2013,0.0,0.0,0.0,0.0,0.0,0.0,0.0,0.0,0.004326797
Oceania,Australia and New Zealand,Australia,AUS,36,Total Renewable,Geothermal energy,Geothermal energy,Geothermal energy,All types,2014,0.0,0.0,0.0,0.0,0.0,0.0,0.0,0.0,0.004260835
Oceania,Australia and New Zealand,Australia,AUS,36,Total Renewable,Geothermal energy,Geothermal energy,Geothermal energy,All types,2015,0.0,0.0,0.0,0.0,0.0,0.0,0.0,0.0,0.004198111
Oceania,Australia and New Zealand,Australia,AUS,36,Total Renewable,Geothermal energy,Geothermal energy,Geothermal energy,All types,2016,0.0,0.0,0.0,0.0,0.0,0.0,0.0,0.0,0.004132966
Oceania,Australia and New Zealand,Australia,AUS,36,Total Renewable,Geothermal energy,Geothermal energy,Geothermal energy,All types,2017,0.0,0.0,0.0,0.0,0.0,0.0,0.0,0.0,0.004066639
Oceania,Australia and New Zealand,Australia,AUS,36,Total Renewable,Geothermal energy,Geothermal energy,Geothermal energy,All types,2018,0.0,0.0,0.0,0.0,0.0,0.0,0.0,0.0,0.004003326
Oceania,Australia and New Zealand,Australia,AUS,36,Total Renewable,Geothermal energy,Geothermal energy,Geothermal energy,All types,2019,0.0,0.0,0.0,0.0,0.0,0.0,0.0,0.0,0.003943658
Oceania,Australia and New Zealand,Australia,AUS,36,Total Renewable,Geothermal energy,Geothermal energy,Geothermal energy,All types,2020,0.0,0.0,0.0,0.0,0.0,0.0,0.0,0.0,0.00389559
Oceania,Australia and New Zealand,Australia,AUS,36,Total Renewable,Geothermal energy,Geothermal energy,Geothermal energy,All types,2021,0.0,0.0,0.0,0.0,0.0,0.0,0.0,0.0,0.003857863
Oceania,Australia and New Zealand,Australia,AUS,36,Total Renewable,Geothermal energy,Geothermal energy,Geothermal energy,All types,2022,0.0,0.0,0.0,0.0,0.0,0.0,0.0,0.0,0.003820087
Oceania,Australia and New Zealand,Australia,AUS,36,Total Renewable,Geothermal energy,Geothermal energy,Geothermal energy,On-grid electricity,2000,0.1,0.2,0.0,0.0,0.0,0.0,0.0,0.0,0.0
Oceania,Australia and New Zealand,Australia,AUS,36,Total Renewable,Geothermal energy,Geothermal energy,Geothermal energy,On-grid electricity,2001,0.1,0.2,0.0,0.0,0.0,0.0,0.0,0.0,0.0
Oceania,Australia and New Zealand,Australia,AUS,36,Total Renewable,Geothermal energy,Geothermal energy,Geothermal energy,On-grid electricity,2002,0.1,0.2,0.0,0.0,0.0,0.0,0.0,0.0,0.0
Oceania,Australia and New Zealand,Australia,AUS,36,Total Renewable,Geothermal energy,Geothermal energy,Geothermal energy,On-grid electricity,2003,0.1,0.1,0.0,0.0,0.0,0.0,0.0,0.0,0.0
Oceania,Australia and New Zealand,Australia,AUS,36,Total Renewable,Geothermal energy,Geothermal energy,Geothermal energy,On-grid electricity,2004,0.1,0.1,0.0,0.0,0.0,0.0,0.0,0.0,0.0
Oceania,Australia and New Zealand,Australia,AUS,36,Total Renewable,Geothermal energy,Geothermal energy,Geothermal energy,On-grid electricity,2005,0.1,0.2,0.0,0.0,0.0,0.0,0.0,0.0,0.0
Oceania,Australia and New Zealand,Australia,AUS,36,Total Renewable,Geothermal energy,Geothermal energy,Geothermal energy,On-grid electricity,2006,1.0,0.1,0.0,0.0,0.0,0.0,0.0,0.0,0.0
Oceania,Australia and New Zealand,Australia,AUS,36,Total Renewable,Geothermal energy,Geothermal energy,Geothermal energy,On-grid electricity,2007,1.0,0.1,0.0,0.0,0.0,0.0,0.0,0.0,0.0
Oceania,Australia and New Zealand,Australia,AUS,36,Total Renewable,Geothermal energy,Geothermal energy,Geothermal energy,On-grid electricity,2008,1.0,0.1,0.0,0.0,0.0,0.0,0.0,0.0,0.0
Oceania,Australia and New Zealand,Australia,AUS,36,Total Renewable,Geothermal energy,Geothermal energy,Geothermal energy,On-grid electricity,2009,1.0,0.1,0.0,0.0,0.0,0.0,0.0,0.0,0.0
Oceania,Australia and New Zealand,Australia,AUS,36,Total Renewable,Geothermal energy,Geothermal energy,Geothermal energy,On-grid electricity,2010,1.0,0.1,0.0,0.0,0.0,0.0,0.0,0.0,0.0
Oceania,Australia and New Zealand,Australia,AUS,36,Total Renewable,Geothermal energy,Geothermal energy,Geothermal energy,On-grid electricity,2011,1.0,0.1,0.0,0.0,0.0,0.0,0.0,0.0,0.0
Oceania,Australia and New Zealand,Australia,AUS,36,Total Renewable,Geothermal energy,Geothermal energy,Geothermal energy,On-grid electricity,2012,1.0,0.1,0.0,0.0,0.0,0.0,0.0,0.0,0.0
Oceania,Australia and New Zealand,Australia,AUS,36,Total Renewable,Geothermal energy,Geothermal energy,Geothermal energy,On-grid electricity,2013,1.0,0.1,0.0,0.0,0.0,0.0,0.0,0.0,0.0
Oceania,Australia and New Zealand,Australia,AUS,36,Total Renewable,Geothermal energy,Geothermal energy,Geothermal energy,On-grid electricity,2014,1.0,0.1,0.0,0.0,0.0,0.0,0.0,0.0,0.0
Oceania,Australia and New Zealand,Australia,AUS,36,Total Renewable,Geothermal energy,Geothermal energy,Geothermal energy,On-grid electricity,2015,1.0,0.1,0.0,0.0,0.0,0.0,0.0,0.0,0.0
Oceania,Australia and New Zealand,Australia,AUS,36,Total Renewable,Geothermal energy,Geothermal energy,Geothermal energy,On-grid electricity,2016,0.0,0.1,0.0,0.0,0.0,0.0,0.0,0.0,0.0
Oceania,Australia and New Zealand,Australia,AUS,36,Total Renewable,Geothermal energy,Geothermal energy,Geothermal energy,On-grid electricity,2017,1.0,0.1,0.0,0.0,0.0,0.0,0.0,0.0,0.0
Oceania,Australia and New Zealand,Australia,AUS,36,Total Renewable,Geothermal energy,Geothermal energy,Geothermal energy,On-grid electricity,2018,0.0,0.1,0.0,0.0,0.0,0.0,0.0,0.0,0.0
Oceania,Australia and New Zealand,Australia,AUS,36,Total Renewable,Geothermal energy,Geothermal energy,Geothermal energy,On-grid electricity,2019,0.0,0.1,0.0,0.0,0.0,0.0,0.0,0.0,0.0
Oceania,Australia and New Zealand,Australia,AUS,36,Total Renewable,Geothermal energy,Geothermal energy,Geothermal energy,On-grid electricity,2020,0.0,0.1,0.0,0.0,0.0,0.0,0.0,0.0,0.0
Oceania,Australia and New Zealand,Australia,AUS,36,Total Renewable,Geothermal energy,Geothermal energy,Geothermal energy,On-grid electricity,2021,0.0,0.1,0.0,0.0,0.0,0.0,0.0,0.0,0.0
Oceania,Australia and New Zealand,Australia,AUS,36,Total Renewable,Geothermal energy,Geothermal energy,Geothermal energy,On-grid electricity,2022,0.0,0.1,0.0,0.0,0.0,0.0,0.0,0.0,0.0
Oceania,Australia and New Zealand,Australia,AUS,36,Total Renewable,Geothermal energy,Geothermal energy,Geothermal energy,On-grid electricity,2023,0.0,0.1,0.0,0.0,0.0,0.0,0.0,0.0,0.0
Oceania,Australia and New Zealand,Australia,AUS,36,Total Renewable,Hydropower (excl. Pumped Storage),Mixed Hydro Plants,Mixed Hydro Plants,On-grid electricity,2005,0.0,1800.0,0.0,0.0,0.0,0.0,0.0,0.0,0.0
Oceania,Australia and New Zealand,Australia,AUS,36,Total Renewable,Hydropower (excl. Pumped Storage),Mixed Hydro Plants,Mixed Hydro Plants,On-grid electricity,2006,0.0,1800.0,0.0,0.0,0.0,0.0,0.0,0.0,0.0
Oceania,Australia and New Zealand,Australia,AUS,36,Total Renewable,Hydropower (excl. Pumped Storage),Mixed Hydro Plants,Mixed Hydro Plants,On-grid electricity,2007,0.0,1800.0,0.0,0.0,0.0,0.0,0.0,0.0,0.0
Oceania,Australia and New Zealand,Australia,AUS,36,Total Renewable,Hydropower (excl. Pumped Storage),Mixed Hydro Plants,Mixed Hydro Plants,On-grid electricity,2008,0.0,1800.0,0.0,0.0,0.0,0.0,0.0,0.0,0.0
Oceania,Australia and New Zealand,Australia,AUS,36,Total Renewable,Hydropower (excl. Pumped Storage),Mixed Hydro Plants,Mixed Hydro Plants,On-grid electricity,2009,0.0,1800.0,0.0,0.0,0.0,0.0,0.0,0.0,0.0
Oceania,Australia and New Zealand,Australia,AUS,36,Total Renewable,Hydropower (excl. Pumped Storage),Mixed Hydro Plants,Mixed Hydro Plants,On-grid electricity,2010,0.0,1800.0,0.0,0.0,0.0,0.0,0.0,0.0,0.0
Oceania,Australia and New Zealand,Australia,AUS,36,Total Renewable,Hydropower (excl. Pumped Storage),Mixed Hydro Plants,Mixed Hydro Plants,On-grid electricity,2011,0.0,1800.0,0.0,0.0,0.0,0.0,0.0,0.0,0.0
Oceania,Australia and New Zealand,Australia,AUS,36,Total Renewable,Hydropower (excl. Pumped Storage),Mixed Hydro Plants,Mixed Hydro Plants,On-grid electricity,2012,0.0,1800.0,0.0,0.0,0.0,0.0,0.0,0.0,0.0
Oceania,Australia and New Zealand,Australia,AUS,36,Total Renewable,Hydropower (excl. Pumped Storage),Mixed Hydro Plants,Mixed Hydro Plants,On-grid electricity,2013,0.0,1800.0,0.0,0.0,0.0,0.0,0.0,0.0,0.0
Oceania,Australia and New Zealand,Australia,AUS,36,Total Renewable,Hydropower (excl. Pumped Storage),Mixed Hydro Plants,Mixed Hydro Plants,On-grid electricity,2014,0.0,1800.0,0.0,0.0,0.0,0.0,0.0,0.0,0.0
Oceania,Australia and New Zealand,Australia,AUS,36,Total Renewable,Hydropower (excl. Pumped Storage),Mixed Hydro Plants,Mixed Hydro Plants,On-grid electricity,2015,0.0,1800.0,0.0,0.0,0.0,0.0,0.0,0.0,0.0
Oceania,Australia and New Zealand,Australia,AUS,36,Total Renewable,Hydropower (excl. Pumped Storage),Mixed Hydro Plants,Mixed Hydro Plants,On-grid electricity,2016,0.0,1800.0,0.0,0.0,0.0,0.0,0.0,0.0,0.0
Oceania,Australia and New Zealand,Australia,AUS,36,Total Renewable,Hydropower (excl. Pumped Storage),Mixed Hydro Plants,Mixed Hydro Plants,On-grid electricity,2017,0.0,1800.0,0.0,0.0,0.0,0.0,0.0,0.0,0.0
Oceania,Australia and New Zealand,Australia,AUS,36,Total Renewable,Hydropower (excl. Pumped Storage),Mixed Hydro Plants,Mixed Hydro Plants,On-grid electricity,2018,0.0,1800.0,0.0,0.0,0.0,0.0,0.0,0.0,0.0
Oceania,Australia and New Zealand,Australia,AUS,36,Total Renewable,Hydropower (excl. Pumped Storage),Mixed Hydro Plants,Mixed Hydro Plants,On-grid electricity,2019,0.0,1800.0,0.0,0.0,0.0,0.0,0.0,0.0,0.0
Oceania,Australia and New Zealand,Australia,AUS,36,Total Renewable,Hydropower (excl. Pumped Storage),Mixed Hydro Plants,Mixed Hydro Plants,On-grid electricity,2020,0.0,1800.0,0.0,0.0,0.0,0.0,0.0,0.0,0.0
Oceania,Australia and New Zealand,Australia,AUS,36,Total Renewable,Hydropower (excl. Pumped Storage),Mixed Hydro Plants,Mixed Hydro Plants,On-grid electricity,2021,0.0,1800.0,0.0,0.0,0.0,0.0,0.0,0.0,0.0
Oceania,Australia and New Zealand,Australia,AUS,36,Total Renewable,Hydropower (excl. Pumped Storage),Mixed Hydro Plants,Mixed Hydro Plants,On-grid electricity,2022,0.0,1800.0,0.0,0.0,0.0,0.0,0.0,0.0,0.0
Oceania,Australia and New Zealand,Australia,AUS,36,Total Renewable,Hydropower (excl. Pumped Storage),Mixed Hydro Plants,Mixed Hydro Plants,On-grid electricity,2023,0.0,1800.0,0.0,0.0,0.0,0.0,0.0,0.0,0.0
Oceania,Australia and New Zealand,Australia,AUS,36,Total Renewable,Hydropower (excl. Pumped Storage),Renewable hydropower,Renewable hydropower,All types,2000,0.0,0.0,0.0,0.0,0.0,0.0,0.0,0.0,356.5576397
Oceania,Australia and New Zealand,Australia,AUS,36,Total Renewable,Hydropower (excl. Pumped Storage),Renewable hydropower,Renewable hydropower,All types,2001,0.0,0.0,0.0,0.0,0.0,0.0,0.0,0.0,352.2937252
Oceania,Australia and New Zealand,Australia,AUS,36,Total Renewable,Hydropower (excl. Pumped Storage),Renewable hydropower,Renewable hydropower,All types,2002,0.0,0.0,0.0,0.0,0.0,0.0,0.0,0.0,348.1748981
Oceania,Australia and New Zealand,Australia,AUS,36,Total Renewable,Hydropower (excl. Pumped Storage),Renewable hydropower,Renewable hydropower,All types,2003,0.0,0.0,0.0,0.0,0.0,0.0,0.0,0.0,344.2306891
Oceania,Australia and New Zealand,Australia,AUS,36,Total Renewable,Hydropower (excl. Pumped Storage),Renewable hydropower,Renewable hydropower,All types,2004,0.0,0.0,0.0,0.0,0.0,0.0,0.0,0.0,344.0391836
Oceania,Australia and New Zealand,Australia,AUS,36,Total Renewable,Hydropower (excl. Pumped Storage),Renewable hydropower,Renewable hydropower,All types,2005,0.0,0.0,0.0,0.0,0.0,0.0,0.0,0.0,369.8740579
Oceania,Australia and New Zealand,Australia,AUS,36,Total Renewable,Hydropower (excl. Pumped Storage),Renewable hydropower,Renewable hydropower,All types,2006,0.0,0.0,0.0,0.0,0.0,0.0,0.0,0.0,364.5375025
Oceania,Australia and New Zealand,Australia,AUS,36,Total Renewable,Hydropower (excl. Pumped Storage),Renewable hydropower,Renewable hydropower,All types,2007,0.0,0.0,0.0,0.0,0.0,0.0,0.0,0.0,358.1710722
Oceania,Australia and New Zealand,Australia,AUS,36,Total Renewable,Hydropower (excl. Pumped Storage),Renewable hydropower,Renewable hydropower,All types,2008,0.0,0.0,0.0,0.0,0.0,0.0,0.0,0.0,351.1410295
Oceania,Australia and New Zealand,Australia,AUS,36,Total Renewable,Hydropower (excl. Pumped Storage),Renewable hydropower,Renewable hydropower,All types,2009,0.0,0.0,0.0,0.0,0.0,0.0,0.0,0.0,344.4456489
Oceania,Australia and New Zealand,Australia,AUS,36,Total Renewable,Hydropower (excl. Pumped Storage),Renewable hydropower,Renewable hydropower,All types,2010,0.0,0.0,0.0,0.0,0.0,0.0,0.0,0.0,338.8411406
Oceania,Australia and New Zealand,Australia,AUS,36,Total Renewable,Hydropower (excl. Pumped Storage),Renewable hydropower,Renewable hydropower,All types,2011,0.0,0.0,0.0,0.0,0.0,0.0,0.0,0.0,333.7204747
Oceania,Australia and New Zealand,Australia,AUS,36,Total Renewable,Hydropower (excl. Pumped Storage),Renewable hydropower,Renewable hydropower,All types,2012,0.0,0.0,0.0,0.0,0.0,0.0,0.0,0.0,328.2551674
Oceania,Australia and New Zealand,Australia,AUS,36,Total Renewable,Hydropower (excl. Pumped Storage),Renewable hydropower,Renewable hydropower,All types,2013,0.0,0.0,0.0,0.0,0.0,0.0,0.0,0.0,322.8223596
Oceania,Australia and New Zealand,Australia,AUS,36,Total Renewable,Hydropower (excl. Pumped Storage),Renewable hydropower,Renewable hydropower,All types,2014,0.0,0.0,0.0,0.0,0.0,0.0,0.0,0.0,317.9008878
Oceania,Australia and New Zealand,Australia,AUS,36,Total Renewable,Hydropower (excl. Pumped Storage),Renewable hydropower,Renewable hydropower,All types,2015,0.0,0.0,0.0,0.0,0.0,0.0,0.0,0.0,313.2210781
Oceania,Australia and New Zealand,Australia,AUS,36,Total Renewable,Hydropower (excl. Pumped Storage),Renewable hydropower,Renewable hydropower,All types,2016,0.0,0.0,0.0,0.0,0.0,0.0,0.0,0.0,308.3605637
Oceania,Australia and New Zealand,Australia,AUS,36,Total Renewable,Hydropower (excl. Pumped Storage),Renewable hydropower,Renewable hydropower,All types,2017,0.0,0.0,0.0,0.0,0.0,0.0,0.0,0.0,303.4119016
Oceania,Australia and New Zealand,Australia,AUS,36,Total Renewable,Hydropower (excl. Pumped Storage),Renewable hydropower,Renewable hydropower,All types,2018,0.0,0.0,0.0,0.0,0.0,0.0,0.0,0.0,308.7765315
Oceania,Australia and New Zealand,Australia,AUS,36,Total Renewable,Hydropower (excl. Pumped Storage),Renewable hydropower,Renewable hydropower,All types,2019,0.0,0.0,0.0,0.0,0.0,0.0,0.0,0.0,304.1743223
Oceania,Australia and New Zealand,Australia,AUS,36,Total Renewable,Hydropower (excl. Pumped Storage),Renewable hydropower,Renewable hydropower,All types,2020,0.0,0.0,0.0,0.0,0.0,0.0,0.0,0.0,300.4668748
Oceania,Australia and New Zealand,Australia,AUS,36,Total Renewable,Hydropower (excl. Pumped Storage),Renewable hydropower,Renewable hydropower,All types,2021,0.0,0.0,0.0,0.0,0.0,0.0,0.0,0.0,297.5569429
Oceania,Australia and New Zealand,Australia,AUS,36,Total Renewable,Hydropower (excl. Pumped Storage),Renewable hydropower,Renewable hydropower,All types,2022,0.0,0.0,0.0,0.0,0.0,0.0,0.0,0.0,294.6433248
Oceania,Australia and New Zealand,Australia,AUS,36,Total Renewable,Hydropower (excl. Pumped Storage),Renewable hydropower,Renewable hydropower,On-grid electricity,2000,16360.0,6781.0,0.0,0.0,0.0,0.0,0.0,0.0,0.0
Oceania,Australia and New Zealand,Australia,AUS,36,Total Renewable,Hydropower (excl. Pumped Storage),Renewable hydropower,Renewable hydropower,On-grid electricity,2001,16563.0,6781.0,0.0,0.0,0.0,0.0,0.0,0.0,0.0
Oceania,Australia and New Zealand,Australia,AUS,36,Total Renewable,Hydropower (excl. Pumped Storage),Renewable hydropower,Renewable hydropower,On-grid electricity,2002,15877.0,6781.0,0.0,0.0,0.0,0.0,0.0,0.0,0.0
Oceania,Australia and New Zealand,Australia,AUS,36,Total Renewable,Hydropower (excl. Pumped Storage),Renewable hydropower,Renewable hydropower,On-grid electricity,2003,16274.0,6781.0,0.0,0.0,0.0,0.0,0.0,0.0,0.0
Oceania,Australia and New Zealand,Australia,AUS,36,Total Renewable,Hydropower (excl. Pumped Storage),Renewable hydropower,Renewable hydropower,On-grid electricity,2004,16110.0,6855.0,0.0,0.0,0.0,0.0,0.0,0.0,0.0
Oceania,Australia and New Zealand,Australia,AUS,36,Total Renewable,Hydropower (excl. Pumped Storage),Renewable hydropower,Renewable hydropower,On-grid electricity,2005,15309.0,5661.0,0.0,0.0,0.0,0.0,0.0,0.0,0.0
Oceania,Australia and New Zealand,Australia,AUS,36,Total Renewable,Hydropower (excl. Pumped Storage),Renewable hydropower,Renewable hydropower,On-grid electricity,2006,15926.0,5661.0,0.0,0.0,0.0,0.0,0.0,0.0,0.0
Oceania,Australia and New Zealand,Australia,AUS,36,Total Renewable,Hydropower (excl. Pumped Storage),Renewable hydropower,Renewable hydropower,On-grid electricity,2007,14339.0,5661.0,0.0,0.0,0.0,0.0,0.0,0.0,0.0
Oceania,Australia and New Zealand,Australia,AUS,36,Total Renewable,Hydropower (excl. Pumped Storage),Renewable hydropower,Renewable hydropower,On-grid electricity,2008,11909.0,5661.0,0.0,0.0,0.0,0.0,0.0,0.0,0.0
Oceania,Australia and New Zealand,Australia,AUS,36,Total Renewable,Hydropower (excl. Pumped Storage),Renewable hydropower,Renewable hydropower,On-grid electricity,2009,11802.0,5661.0,0.0,0.0,0.0,0.0,0.0,0.0,0.0
Oceania,Australia and New Zealand,Australia,AUS,36,Total Renewable,Hydropower (excl. Pumped Storage),Renewable hydropower,Renewable hydropower,On-grid electricity,2010,13502.0,5661.0,0.0,0.0,0.0,0.0,0.0,0.0,0.0
Oceania,Australia and New Zealand,Australia,AUS,36,Total Renewable,Hydropower (excl. Pumped Storage),Renewable hydropower,Renewable hydropower,On-grid electricity,2011,16694.0,5661.0,0.0,0.0,0.0,0.0,0.0,0.0,0.0
Oceania,Australia and New Zealand,Australia,AUS,36,Total Renewable,Hydropower (excl. Pumped Storage),Renewable hydropower,Renewable hydropower,On-grid electricity,2012,13979.0,5661.0,0.0,0.0,0.0,0.0,0.0,0.0,0.0
Oceania,Australia and New Zealand,Australia,AUS,36,Total Renewable,Hydropower (excl. Pumped Storage),Renewable hydropower,Renewable hydropower,On-grid electricity,2013,18116.0,5661.0,0.0,0.0,0.0,0.0,0.0,0.0,0.0
Oceania,Australia and New Zealand,Australia,AUS,36,Total Renewable,Hydropower (excl. Pumped Storage),Renewable hydropower,Renewable hydropower,On-grid electricity,2014,18338.0,5661.0,0.0,0.0,0.0,0.0,0.0,0.0,0.0
Oceania,Australia and New Zealand,Australia,AUS,36,Total Renewable,Hydropower (excl. Pumped Storage),Renewable hydropower,Renewable hydropower,On-grid electricity,2015,13324.0,5661.0,0.0,0.0,0.0,0.0,0.0,0.0,0.0
Oceania,Australia and New Zealand,Australia,AUS,36,Total Renewable,Hydropower (excl. Pumped Storage),Renewable hydropower,Renewable hydropower,On-grid electricity,2016,15021.0,5661.0,0.0,0.0,0.0,0.0,0.0,0.0,0.0
Oceania,Australia and New Zealand,Australia,AUS,36,Total Renewable,Hydropower (excl. Pumped Storage),Renewable hydropower,Renewable hydropower,On-grid electricity,2017,16037.0,5661.0,0.0,0.0,0.0,0.0,0.0,0.0,0.0
Oceania,Australia and New Zealand,Australia,AUS,36,Total Renewable,Hydropower (excl. Pumped Storage),Renewable hydropower,Renewable hydropower,On-grid electricity,2018,15804.0,5913.0,0.0,0.0,0.0,0.0,0.0,0.0,0.0
Oceania,Australia and New Zealand,Australia,AUS,36,Total Renewable,Hydropower (excl. Pumped Storage),Renewable hydropower,Renewable hydropower,On-grid electricity,2019,15602.0,5913.0,0.0,0.0,0.0,0.0,0.0,0.0,0.0
Oceania,Australia and New Zealand,Australia,AUS,36,Total Renewable,Hydropower (excl. Pumped Storage),Renewable hydropower,Renewable hydropower,On-grid electricity,2020,14764.0,5913.0,0.0,0.0,0.0,0.0,0.0,0.0,0.0
Oceania,Australia and New Zealand,Australia,AUS,36,Total Renewable,Hydropower (excl. Pumped Storage),Renewable hydropower,Renewable hydropower,On-grid electricity,2021,14761.0,5913.0,0.0,0.0,0.0,0.0,0.0,0.0,0.0
Oceania,Australia and New Zealand,Australia,AUS,36,Total Renewable,Hydropower (excl. Pumped Storage),Renewable hydropower,Renewable hydropower,On-grid electricity,2022,16297.0,5913.0,0.0,0.0,0.0,0.0,0.0,0.0,0.0
Oceania,Australia and New Zealand,Australia,AUS,36,Total Renewable,Hydropower (excl. Pumped Storage),Renewable hydropower,Renewable hydropower,On-grid electricity,2023,0.0,6639.96,0.0,0.0,0.0,0.0,0.0,0.0,0.0
Oceania,Australia and New Zealand,Australia,AUS,36,Total Renewable,Marine energy,Marine energy,Marine energy,All types,2000,0.0,0.0,0.0,0.0,0.0,0.0,0.0,0.0,0.0
Oceania,Australia and New Zealand,Australia,AUS,36,Total Renewable,Marine energy,Marine energy,Marine energy,All types,2001,0.0,0.0,0.0,0.0,0.0,0.0,0.0,0.0,0.0
Oceania,Australia and New Zealand,Australia,AUS,36,Total Renewable,Marine energy,Marine energy,Marine energy,All types,2002,0.0,0.0,0.0,0.0,0.0,0.0,0.0,0.0,0.0
Oceania,Australia and New Zealand,Australia,AUS,36,Total Renewable,Marine energy,Marine energy,Marine energy,All types,2003,0.0,0.0,0.0,0.0,0.0,0.0,0.0,0.0,0.0
Oceania,Australia and New Zealand,Australia,AUS,36,Total Renewable,Marine energy,Marine energy,Marine energy,All types,2004,0.0,0.0,0.0,0.0,0.0,0.0,0.0,0.0,0.0
Oceania,Australia and New Zealand,Australia,AUS,36,Total Renewable,Marine energy,Marine energy,Marine energy,All types,2005,0.0,0.0,0.0,0.0,0.0,0.0,0.0,0.0,0.0
Oceania,Australia and New Zealand,Australia,AUS,36,Total Renewable,Marine energy,Marine energy,Marine energy,All types,2006,0.0,0.0,0.0,0.0,0.0,0.0,0.0,0.0,0.0
Oceania,Australia and New Zealand,Australia,AUS,36,Total Renewable,Marine energy,Marine energy,Marine energy,All types,2007,0.0,0.0,0.0,0.0,0.0,0.0,0.0,0.0,0.048005773
Oceania,Australia and New Zealand,Australia,AUS,36,Total Renewable,Marine energy,Marine energy,Marine energy,All types,2008,0.0,0.0,0.0,0.0,0.0,0.0,0.0,0.0,0.047063534
Oceania,Australia and New Zealand,Australia,AUS,36,Total Renewable,Marine energy,Marine energy,Marine energy,All types,2009,0.0,0.0,0.0,0.0,0.0,0.0,0.0,0.0,0.04616615
Oceania,Australia and New Zealand,Australia,AUS,36,Total Renewable,Marine energy,Marine energy,Marine energy,All types,2010,0.0,0.0,0.0,0.0,0.0,0.0,0.0,0.0,0.045414977
Oceania,Australia and New Zealand,Australia,AUS,36,Total Renewable,Marine energy,Marine energy,Marine energy,All types,2011,0.0,0.0,0.0,0.0,0.0,0.0,0.0,0.0,0.044728652
Oceania,Australia and New Zealand,Australia,AUS,36,Total Renewable,Marine energy,Marine energy,Marine energy,All types,2012,0.0,0.0,0.0,0.0,0.0,0.0,0.0,0.0,0.043996136
Oceania,Australia and New Zealand,Australia,AUS,36,Total Renewable,Marine energy,Marine energy,Marine energy,All types,2013,0.0,0.0,0.0,0.0,0.0,0.0,0.0,0.0,0.043267975
Oceania,Australia and New Zealand,Australia,AUS,36,Total Renewable,Marine energy,Marine energy,Marine energy,All types,2014,0.0,0.0,0.0,0.0,0.0,0.0,0.0,0.0,0.042608348
Oceania,Australia and New Zealand,Australia,AUS,36,Total Renewable,Marine energy,Marine energy,Marine energy,All types,2015,0.0,0.0,0.0,0.0,0.0,0.0,0.0,0.0,0.041981112
Oceania,Australia and New Zealand,Australia,AUS,36,Total Renewable,Marine energy,Marine energy,Marine energy,All types,2016,0.0,0.0,0.0,0.0,0.0,0.0,0.0,0.0,0.041329656
Oceania,Australia and New Zealand,Australia,AUS,36,Total Renewable,Marine energy,Marine energy,Marine energy,All types,2017,0.0,0.0,0.0,0.0,0.0,0.0,0.0,0.0,0.040666385
Oceania,Australia and New Zealand,Australia,AUS,36,Total Renewable,Marine energy,Marine energy,Marine energy,All types,2018,0.0,0.0,0.0,0.0,0.0,0.0,0.0,0.0,0.0
Oceania,Australia and New Zealand,Australia,AUS,36,Total Renewable,Marine energy,Marine energy,Marine energy,All types,2019,0.0,0.0,0.0,0.0,0.0,0.0,0.0,0.0,0.0
Oceania,Australia and New Zealand,Australia,AUS,36,Total Renewable,Marine energy,Marine energy,Marine energy,All types,2020,0.0,0.0,0.0,0.0,0.0,0.0,0.0,0.0,0.0
Oceania,Australia and New Zealand,Australia,AUS,36,Total Renewable,Marine energy,Marine energy,Marine energy,All types,2021,0.0,0.0,0.0,0.0,0.0,0.0,0.0,0.0,0.0
Oceania,Australia and New Zealand,Australia,AUS,36,Total Renewable,Marine energy,Marine energy,Marine energy,All types,2022,0.0,0.0,0.0,0.0,0.0,0.0,0.0,0.0,0.0
Oceania,Australia and New Zealand,Australia,AUS,36,Total Renewable,Marine energy,Marine energy,Marine energy,On-grid electricity,2007,0.001,1.0,0.0,0.0,0.0,0.0,0.0,0.0,0.0
Oceania,Australia and New Zealand,Australia,AUS,36,Total Renewable,Marine energy,Marine energy,Marine energy,On-grid electricity,2008,0.001,1.0,0.0,0.0,0.0,0.0,0.0,0.0,0.0
Oceania,Australia and New Zealand,Australia,AUS,36,Total Renewable,Marine energy,Marine energy,Marine energy,On-grid electricity,2009,0.001,1.0,0.0,0.0,0.0,0.0,0.0,0.0,0.0
Oceania,Australia and New Zealand,Australia,AUS,36,Total Renewable,Marine energy,Marine energy,Marine energy,On-grid electricity,2010,0.001,1.0,0.0,0.0,0.0,0.0,0.0,0.0,0.0
Oceania,Australia and New Zealand,Australia,AUS,36,Total Renewable,Marine energy,Marine energy,Marine energy,On-grid electricity,2011,0.001,1.0,0.0,0.0,0.0,0.0,0.0,0.0,0.0
Oceania,Australia and New Zealand,Australia,AUS,36,Total Renewable,Marine energy,Marine energy,Marine energy,On-grid electricity,2012,0.001,1.0,0.0,0.0,0.0,0.0,0.0,0.0,0.0
Oceania,Australia and New Zealand,Australia,AUS,36,Total Renewable,Marine energy,Marine energy,Marine energy,On-grid electricity,2013,0.001,1.0,0.0,0.0,0.0,0.0,0.0,0.0,0.0
Oceania,Australia and New Zealand,Australia,AUS,36,Total Renewable,Marine energy,Marine energy,Marine energy,On-grid electricity,2014,0.001,1.0,0.0,0.0,0.0,0.0,0.0,0.0,0.0
Oceania,Australia and New Zealand,Australia,AUS,36,Total Renewable,Marine energy,Marine energy,Marine energy,On-grid electricity,2015,0.001,1.0,0.0,0.0,0.0,0.0,0.0,0.0,0.0
Oceania,Australia and New Zealand,Australia,AUS,36,Total Renewable,Marine energy,Marine energy,Marine energy,On-grid electricity,2016,0.001,1.0,0.0,0.0,0.0,0.0,0.0,0.0,0.0
Oceania,Australia and New Zealand,Australia,AUS,36,Total Renewable,Marine energy,Marine energy,Marine energy,On-grid electricity,2017,0.001,1.0,0.0,0.0,0.0,0.0,0.0,0.0,0.0
Oceania,Australia and New Zealand,Australia,AUS,36,Total Renewable,Marine energy,Marine energy,Marine energy,On-grid electricity,2018,0.001,0.0,0.0,0.0,0.0,0.0,0.0,0.0,0.0
Oceania,Australia and New Zealand,Australia,AUS,36,Total Renewable,Marine energy,Marine energy,Marine energy,On-grid electricity,2019,0.001,0.0,0.0,0.0,0.0,0.0,0.0,0.0,0.0
Oceania,Australia and New Zealand,Australia,AUS,36,Total Renewable,Marine energy,Marine energy,Marine energy,On-grid electricity,2020,0.001,0.0,0.0,0.0,0.0,0.0,0.0,0.0,0.0
Oceania,Australia and New Zealand,Australia,AUS,36,Total Renewable,Solar energy,Solar energy,Solar energy,All types,2000,0.0,0.0,0.0,0.0,0.0,0.0,0.0,0.0,1.314546674
Oceania,Australia and New Zealand,Australia,AUS,36,Total Renewable,Solar energy,Solar energy,Solar energy,All types,2001,0.0,0.0,0.0,0.0,0.0,0.0,0.0,0.0,1.506638848
Oceania,Australia and New Zealand,Australia,AUS,36,Total Renewable,Solar energy,Solar energy,Solar energy,All types,2002,0.0,0.0,0.0,0.0,0.0,0.0,0.0,0.0,1.745752328
Oceania,Australia and New Zealand,Australia,AUS,36,Total Renewable,Solar energy,Solar energy,Solar energy,All types,2003,0.0,0.0,0.0,0.0,0.0,0.0,0.0,0.0,2.00010163
Oceania,Australia and New Zealand,Australia,AUS,36,Total Renewable,Solar energy,Solar energy,Solar energy,All types,2004,0.0,0.0,0.0,0.0,0.0,0.0,0.0,0.0,2.328726203
Oceania,Australia and New Zealand,Australia,AUS,36,Total Renewable,Solar energy,Solar energy,Solar energy,All types,2005,0.0,0.0,0.0,0.0,0.0,0.0,0.0,0.0,2.597694764
Oceania,Australia and New Zealand,Australia,AUS,36,Total Renewable,Solar energy,Solar energy,Solar energy,All types,2006,0.0,0.0,0.0,0.0,0.0,0.0,0.0,0.0,2.999946744
Oceania,Australia and New Zealand,Australia,AUS,36,Total Renewable,Solar energy,Solar energy,Solar energy,All types,2007,0.0,0.0,0.0,0.0,0.0,0.0,0.0,0.0,3.504421428
Oceania,Australia and New Zealand,Australia,AUS,36,Total Renewable,Solar energy,Solar energy,Solar energy,All types,2008,0.0,0.0,0.0,0.0,0.0,0.0,0.0,0.0,4.000400417
Oceania,Australia and New Zealand,Australia,AUS,36,Total Renewable,Solar energy,Solar energy,Solar energy,All types,2009,0.0,0.0,0.0,0.0,0.0,0.0,0.0,0.0,15.32716197
Oceania,Australia and New Zealand,Australia,AUS,36,Total Renewable,Solar energy,Solar energy,Solar energy,All types,2010,0.0,0.0,0.0,0.0,0.0,0.0,0.0,0.0,49.5477395
Oceania,Australia and New Zealand,Australia,AUS,36,Total Renewable,Solar energy,Solar energy,Solar energy,All types,2011,0.0,0.0,0.0,0.0,0.0,0.0,0.0,0.0,110.6139571
Oceania,Australia and New Zealand,Australia,AUS,36,Total Renewable,Solar energy,Solar energy,Solar energy,All types,2012,0.0,0.0,0.0,0.0,0.0,0.0,0.0,0.0,167.141319
Oceania,Australia and New Zealand,Australia,AUS,36,Total Renewable,Solar energy,Solar energy,Solar energy,All types,2013,0.0,0.0,0.0,0.0,0.0,0.0,0.0,0.0,197.6481087
Oceania,Australia and New Zealand,Australia,AUS,36,Total Renewable,Solar energy,Solar energy,Solar energy,All types,2014,0.0,0.0,0.0,0.0,0.0,0.0,0.0,0.0,225.2703383
Oceania,Australia and New Zealand,Australia,AUS,36,Total Renewable,Solar energy,Solar energy,Solar energy,All types,2015,0.0,0.0,0.0,0.0,0.0,0.0,0.0,0.0,249.6196931
Oceania,Australia and New Zealand,Australia,AUS,36,Total Renewable,Solar energy,Solar energy,Solar energy,All types,2016,0.0,0.0,0.0,0.0,0.0,0.0,0.0,0.0,276.4540693
Oceania,Australia and New Zealand,Australia,AUS,36,Total Renewable,Solar energy,Solar energy,Solar energy,All types,2017,0.0,0.0,0.0,0.0,0.0,0.0,0.0,0.0,296.4986161
Oceania,Australia and New Zealand,Australia,AUS,36,Total Renewable,Solar energy,Solar energy,Solar energy,All types,2018,0.0,0.0,0.0,0.0,0.0,0.0,0.0,0.0,454.9779957
Oceania,Australia and New Zealand,Australia,AUS,36,Total Renewable,Solar energy,Solar energy,Solar energy,All types,2019,0.0,0.0,0.0,0.0,0.0,0.0,0.0,0.0,636.782417
Oceania,Australia and New Zealand,Australia,AUS,36,Total Renewable,Solar energy,Solar energy,Solar energy,All types,2020,0.0,0.0,0.0,0.0,0.0,0.0,0.0,0.0,811.7630931
Oceania,Australia and New Zealand,Australia,AUS,36,Total Renewable,Solar energy,Solar energy,Solar energy,All types,2021,0.0,0.0,0.0,0.0,0.0,0.0,0.0,0.0,993.6696718
Oceania,Australia and New Zealand,Australia,AUS,36,Total Renewable,Solar energy,Solar energy,Solar energy,All types,2022,0.0,0.0,0.0,0.0,0.0,0.0,0.0,0.0,1133.763676
Oceania,Australia and New Zealand,Australia,AUS,36,Total Renewable,Solar energy,Solar photovoltaic,On-grid Solar photovoltaic,All types,2021,0.0,0.0,0.0,0.0,0.0,0.0,36.133,0.0,0.0
Oceania,Australia and New Zealand,Australia,AUS,36,Total Renewable,Solar energy,Solar photovoltaic,On-grid Solar photovoltaic,On-grid electricity,2000,38.0,25.0,0.0,0.0,0.0,0.0,0.0,0.0,0.0
Oceania,Australia and New Zealand,Australia,AUS,36,Total Renewable,Solar energy,Solar photovoltaic,On-grid Solar photovoltaic,On-grid electricity,2001,44.0,29.0,0.0,0.0,0.0,0.0,0.0,0.0,0.0
Oceania,Australia and New Zealand,Australia,AUS,36,Total Renewable,Solar energy,Solar photovoltaic,On-grid Solar photovoltaic,On-grid electricity,2002,50.0,34.0,0.0,0.0,0.0,0.0,0.0,0.0,0.0
Oceania,Australia and New Zealand,Australia,AUS,36,Total Renewable,Solar energy,Solar photovoltaic,On-grid Solar photovoltaic,On-grid electricity,2003,58.0,39.0,0.0,0.0,0.0,0.0,0.0,0.0,0.0
Oceania,Australia and New Zealand,Australia,AUS,36,Total Renewable,Solar energy,Solar photovoltaic,On-grid Solar photovoltaic,On-grid electricity,2004,68.0,46.0,0.0,0.0,0.0,0.0,0.0,0.0,0.0
Oceania,Australia and New Zealand,Australia,AUS,36,Total Renewable,Solar energy,Solar photovoltaic,On-grid Solar photovoltaic,On-grid electricity,2005,78.0,52.0,0.0,0.0,0.0,0.0,0.0,0.0,0.0
Oceania,Australia and New Zealand,Australia,AUS,36,Total Renewable,Solar energy,Solar photovoltaic,On-grid Solar photovoltaic,On-grid electricity,2006,90.0,61.0,0.0,0.0,0.0,0.0,0.0,0.0,0.0
Oceania,Australia and New Zealand,Australia,AUS,36,Total Renewable,Solar energy,Solar photovoltaic,On-grid Solar photovoltaic,On-grid electricity,2007,105.0,70.0,0.0,0.0,0.0,0.0,0.0,0.0,0.0
Oceania,Australia and New Zealand,Australia,AUS,36,Total Renewable,Solar energy,Solar photovoltaic,On-grid Solar photovoltaic,On-grid electricity,2008,123.0,82.0,0.0,0.0,0.0,0.0,0.0,0.0,0.0
Oceania,Australia and New Zealand,Australia,AUS,36,Total Renewable,Solar energy,Solar photovoltaic,On-grid Solar photovoltaic,On-grid electricity,2009,156.0,329.0,0.0,0.0,0.0,0.0,0.0,0.0,0.0
Oceania,Australia and New Zealand,Australia,AUS,36,Total Renewable,Solar energy,Solar photovoltaic,On-grid Solar photovoltaic,On-grid electricity,2010,386.0,1088.0,0.0,0.0,0.0,0.0,0.0,0.0,0.0
Oceania,Australia and New Zealand,Australia,AUS,36,Total Renewable,Solar energy,Solar photovoltaic,On-grid Solar photovoltaic,On-grid electricity,2011,1388.0,1418.0,0.0,0.0,0.0,0.0,0.0,0.0,0.0
Oceania,Australia and New Zealand,Australia,AUS,36,Total Renewable,Solar energy,Solar photovoltaic,On-grid Solar photovoltaic,On-grid electricity,2012,2322.0,2508.0,0.0,0.0,0.0,0.0,0.0,0.0,0.0
Oceania,Australia and New Zealand,Australia,AUS,36,Total Renewable,Solar energy,Solar photovoltaic,On-grid Solar photovoltaic,On-grid electricity,2013,3472.0,3309.0,0.0,0.0,0.0,0.0,0.0,0.0,0.0
Oceania,Australia and New Zealand,Australia,AUS,36,Total Renewable,Solar energy,Solar photovoltaic,On-grid Solar photovoltaic,On-grid electricity,2014,4007.0,4134.0,0.0,0.0,0.0,0.0,0.0,0.0,0.0
Oceania,Australia and New Zealand,Australia,AUS,36,Total Renewable,Solar energy,Solar photovoltaic,On-grid Solar photovoltaic,On-grid electricity,2015,5019.0,5032.0,0.0,0.0,0.0,0.0,0.0,0.0,0.0
Oceania,Australia and New Zealand,Australia,AUS,36,Total Renewable,Solar energy,Solar photovoltaic,On-grid Solar photovoltaic,On-grid electricity,2016,6205.0,5877.0,0.0,0.0,0.0,0.0,0.0,0.0,0.0
Oceania,Australia and New Zealand,Australia,AUS,36,Total Renewable,Solar energy,Solar photovoltaic,On-grid Solar photovoltaic,On-grid electricity,2017,8066.0,7239.0,0.0,0.0,0.0,0.0,0.0,0.0,0.0
Oceania,Australia and New Zealand,Australia,AUS,36,Total Renewable,Solar energy,Solar photovoltaic,On-grid Solar photovoltaic,On-grid electricity,2018,9925.0,11125.0,0.0,0.0,0.0,0.0,0.0,0.0,0.0
Oceania,Australia and New Zealand,Australia,AUS,36,Total Renewable,Solar energy,Solar photovoltaic,On-grid Solar photovoltaic,On-grid electricity,2019,14842.0,15450.0,0.0,0.0,0.0,0.0,0.0,0.0,0.0
Oceania,Australia and New Zealand,Australia,AUS,36,Total Renewable,Solar energy,Solar photovoltaic,On-grid Solar photovoltaic,On-grid electricity,2020,21028.0,19769.0,0.0,0.0,0.0,0.0,0.0,0.0,0.0
Oceania,Australia and New Zealand,Australia,AUS,36,Total Renewable,Solar energy,Solar photovoltaic,On-grid Solar photovoltaic,On-grid electricity,2021,27712.0,24393.0,0.0,0.0,0.0,0.0,0.0,0.0,0.0
Oceania,Australia and New Zealand,Australia,AUS,36,Total Renewable,Solar energy,Solar photovoltaic,On-grid Solar photovoltaic,On-grid electricity,2022,34682.0,28884.0,0.0,0.0,0.0,0.0,0.0,0.0,0.0
Oceania,Australia and New Zealand,Australia,AUS,36,Total Renewable,Solar energy,Solar photovoltaic,On-grid Solar photovoltaic,On-grid electricity,2023,0.0,32609.0,0.0,0.0,0.0,0.0,0.0,0.0,0.0
Oceania,Australia and New Zealand,Australia,AUS,36,Total Renewable,Solar energy,Solar photovoltaic,SHS (11-50W),Off-grid electricity,2016,0.0,0.0,0.0,0.0,0.0,1.39001,0.0,0.0,0.0
Oceania,Australia and New Zealand,Australia,AUS,36,Total Renewable,Solar energy,Solar photovoltaic,SHS (11-50W),Off-grid electricity,2017,0.0,0.0,0.0,0.0,0.0,2.72958,0.0,0.0,0.0
Oceania,Australia and New Zealand,Australia,AUS,36,Total Renewable,Solar energy,Solar photovoltaic,SHS (11-50W),Off-grid electricity,2018,0.0,0.0,0.0,0.0,0.0,3.30188,0.0,0.0,0.0
Oceania,Australia and New Zealand,Australia,AUS,36,Total Renewable,Solar energy,Solar photovoltaic,SHS (11-50W),Off-grid electricity,2019,0.0,0.0,0.0,0.0,0.0,6.24001,0.0,0.0,0.0
Oceania,Australia and New Zealand,Australia,AUS,36,Total Renewable,Solar energy,Solar photovoltaic,SHS (11-50W),Off-grid electricity,2020,0.0,0.0,0.0,0.0,0.0,6.24001,0.0,0.0,0.0
Oceania,Australia and New Zealand,Australia,AUS,36,Total Renewable,Solar energy,Solar photovoltaic,SHS (11-50W),Off-grid electricity,2021,0.0,0.0,0.0,0.0,0.0,4.85,0.0,0.0,0.0
Oceania,Australia and New Zealand,Australia,AUS,36,Total Renewable,Solar energy,Solar photovoltaic,SHS (11-50W),Off-grid electricity,2022,0.0,0.0,0.0,0.0,0.0,11.4848,0.0,0.0,0.0
Oceania,Australia and New Zealand,Australia,AUS,36,Total Renewable,Solar energy,Solar photovoltaic,Solar lights (<11W),Off-grid electricity,2016,0.0,0.0,0.0,0.0,0.0,23.469732,0.0,0.0,0.0
Oceania,Australia and New Zealand,Australia,AUS,36,Total Renewable,Solar energy,Solar photovoltaic,Solar lights (<11W),Off-grid electricity,2017,0.0,0.0,0.0,0.0,0.0,47.96262,0.0,0.0,0.0
Oceania,Australia and New Zealand,Australia,AUS,36,Total Renewable,Solar energy,Solar photovoltaic,Solar lights (<11W),Off-grid electricity,2018,0.0,0.0,0.0,0.0,0.0,59.246145,0.0,0.0,0.0
Oceania,Australia and New Zealand,Australia,AUS,36,Total Renewable,Solar energy,Solar photovoltaic,Solar lights (<11W),Off-grid electricity,2019,0.0,0.0,0.0,0.0,0.0,51.910326,0.0,0.0,0.0
Oceania,Australia and New Zealand,Australia,AUS,36,Total Renewable,Solar energy,Solar photovoltaic,Solar lights (<11W),Off-grid electricity,2020,0.0,0.0,0.0,0.0,0.0,35.096346,0.0,0.0,0.0
Oceania,Australia and New Zealand,Australia,AUS,36,Total Renewable,Solar energy,Solar photovoltaic,Solar lights (<11W),Off-grid electricity,2021,0.0,0.0,0.0,0.0,0.0,29.598192,0.0,0.0,0.0
Oceania,Australia and New Zealand,Australia,AUS,36,Total Renewable,Solar energy,Solar photovoltaic,Solar lights (<11W),Off-grid electricity,2022,0.0,0.0,0.0,0.0,0.0,36.275769,0.0,0.0,0.0
Oceania,Australia and New Zealand,Australia,AUS,36,Total Renewable,Solar energy,Solar photovoltaic,Solar mini-grids,Off-grid electricity,2019,0.0,0.0,0.0,0.0,0.0,0.06,0.0,0.0,0.0
Oceania,Australia and New Zealand,Australia,AUS,36,Total Renewable,Solar energy,Solar photovoltaic,Solar mini-grids,Off-grid electricity,2020,0.0,0.0,0.0,0.0,0.0,0.06,0.0,0.0,0.0
Oceania,Australia and New Zealand,Australia,AUS,36,Total Renewable,Solar energy,Solar photovoltaic,Solar mini-grids,Off-grid electricity,2021,0.0,0.0,0.0,0.0,0.0,0.06,0.0,0.0,0.0
Oceania,Australia and New Zealand,Australia,AUS,36,Total Renewable,Solar energy,Solar photovoltaic,Solar mini-grids,Off-grid electricity,2022,0.0,0.0,0.0,0.0,0.0,0.06,0.0,0.0,0.0
Oceania,Australia and New Zealand,Australia,AUS,36,Total Renewable,Solar energy,Solar thermal energy,Concentrated solar power,On-grid electricity,2003,1.0,0.4,0.0,0.0,0.0,0.0,0.0,0.0,0.0
Oceania,Australia and New Zealand,Australia,AUS,36,Total Renewable,Solar energy,Solar thermal energy,Concentrated solar power,On-grid electricity,2004,1.0,0.4,0.0,0.0,0.0,0.0,0.0,0.0,0.0
Oceania,Australia and New Zealand,Australia,AUS,36,Total Renewable,Solar energy,Solar thermal energy,Concentrated solar power,On-grid electricity,2005,1.0,0.4,0.0,0.0,0.0,0.0,0.0,0.0,0.0
Oceania,Australia and New Zealand,Australia,AUS,36,Total Renewable,Solar energy,Solar thermal energy,Concentrated solar power,On-grid electricity,2006,1.0,0.4,0.0,0.0,0.0,0.0,0.0,0.0,0.0
Oceania,Australia and New Zealand,Australia,AUS,36,Total Renewable,Solar energy,Solar thermal energy,Concentrated solar power,On-grid electricity,2007,4.0,3.0,0.0,0.0,0.0,0.0,0.0,0.0,0.0
Oceania,Australia and New Zealand,Australia,AUS,36,Total Renewable,Solar energy,Solar thermal energy,Concentrated solar power,On-grid electricity,2008,4.0,3.0,0.0,0.0,0.0,0.0,0.0,0.0,0.0
Oceania,Australia and New Zealand,Australia,AUS,36,Total Renewable,Solar energy,Solar thermal energy,Concentrated solar power,On-grid electricity,2009,4.0,3.0,0.0,0.0,0.0,0.0,0.0,0.0,0.0
Oceania,Australia and New Zealand,Australia,AUS,36,Total Renewable,Solar energy,Solar thermal energy,Concentrated solar power,On-grid electricity,2010,3.0,3.0,0.0,0.0,0.0,0.0,0.0,0.0,0.0
Oceania,Australia and New Zealand,Australia,AUS,36,Total Renewable,Solar energy,Solar thermal energy,Concentrated solar power,On-grid electricity,2011,3.0,3.0,0.0,0.0,0.0,0.0,0.0,0.0,0.0
Oceania,Australia and New Zealand,Australia,AUS,36,Total Renewable,Solar energy,Solar thermal energy,Concentrated solar power,On-grid electricity,2012,3.0,3.0,0.0,0.0,0.0,0.0,0.0,0.0,0.0
Oceania,Australia and New Zealand,Australia,AUS,36,Total Renewable,Solar energy,Solar thermal energy,Concentrated solar power,On-grid electricity,2013,3.0,3.0,0.0,0.0,0.0,0.0,0.0,0.0,0.0
Oceania,Australia and New Zealand,Australia,AUS,36,Total Renewable,Solar energy,Solar thermal energy,Concentrated solar power,On-grid electricity,2014,3.0,3.0,0.0,0.0,0.0,0.0,0.0,0.0,0.0
Oceania,Australia and New Zealand,Australia,AUS,36,Total Renewable,Solar energy,Solar thermal energy,Concentrated solar power,On-grid electricity,2015,4.0,3.0,0.0,0.0,0.0,0.0,0.0,0.0,0.0
Oceania,Australia and New Zealand,Australia,AUS,36,Total Renewable,Solar energy,Solar thermal energy,Concentrated solar power,On-grid electricity,2016,4.0,3.0,0.0,0.0,0.0,0.0,0.0,0.0,0.0
Oceania,Australia and New Zealand,Australia,AUS,36,Total Renewable,Solar energy,Solar thermal energy,Concentrated solar power,On-grid electricity,2017,5.0,3.0,0.0,0.0,0.0,0.0,0.0,0.0,0.0
Oceania,Australia and New Zealand,Australia,AUS,36,Total Renewable,Solar energy,Solar thermal energy,Concentrated solar power,On-grid electricity,2018,5.0,3.0,0.0,0.0,0.0,0.0,0.0,0.0,0.0
Oceania,Australia and New Zealand,Australia,AUS,36,Total Renewable,Solar energy,Solar thermal energy,Concentrated solar power,On-grid electricity,2019,6.0,3.0,0.0,0.0,0.0,0.0,0.0,0.0,0.0
Oceania,Australia and New Zealand,Australia,AUS,36,Total Renewable,Solar energy,Solar thermal energy,Concentrated solar power,On-grid electricity,2020,6.0,3.0,0.0,0.0,0.0,0.0,0.0,0.0,0.0
Oceania,Australia and New Zealand,Australia,AUS,36,Total Renewable,Solar energy,Solar thermal energy,Concentrated solar power,On-grid electricity,2021,5.0,3.0,0.0,0.0,0.0,0.0,0.0,0.0,0.0
Oceania,Australia and New Zealand,Australia,AUS,36,Total Renewable,Solar energy,Solar thermal energy,Concentrated solar power,On-grid electricity,2022,5.0,3.0,0.0,0.0,0.0,0.0,0.0,0.0,0.0
Oceania,Australia and New Zealand,Australia,AUS,36,Total Renewable,Solar energy,Solar thermal energy,Concentrated solar power,On-grid electricity,2023,0.0,3.0,0.0,0.0,0.0,0.0,0.0,0.0,0.0
Oceania,Australia and New Zealand,Australia,AUS,36,Total Renewable,Wind energy,Onshore wind energy,Onshore wind energy,All types,2000,0.0,0.0,0.0,0.0,0.0,0.0,0.0,0.0,1.735201609
Oceania,Australia and New Zealand,Australia,AUS,36,Total Renewable,Wind energy,Onshore wind energy,Onshore wind energy,All types,2001,0.0,0.0,0.0,0.0,0.0,0.0,0.0,0.0,3.948432844
Oceania,Australia and New Zealand,Australia,AUS,36,Total Renewable,Wind energy,Onshore wind energy,Onshore wind energy,All types,2002,0.0,0.0,0.0,0.0,0.0,0.0,0.0,0.0,5.44263961
Oceania,Australia and New Zealand,Australia,AUS,36,Total Renewable,Wind energy,Onshore wind energy,Onshore wind energy,All types,2003,0.0,0.0,0.0,0.0,0.0,0.0,0.0,0.0,9.645160142
Oceania,Australia and New Zealand,Australia,AUS,36,Total Renewable,Wind energy,Onshore wind energy,Onshore wind energy,All types,2004,0.0,0.0,0.0,0.0,0.0,0.0,0.0,0.0,19.02127653
Oceania,Australia and New Zealand,Australia,AUS,36,Total Renewable,Wind energy,Onshore wind energy,Onshore wind energy,All types,2005,0.0,0.0,0.0,0.0,0.0,0.0,0.0,0.0,36.68500239
Oceania,Australia and New Zealand,Australia,AUS,36,Total Renewable,Wind energy,Onshore wind energy,Onshore wind energy,All types,2006,0.0,0.0,0.0,0.0,0.0,0.0,0.0,0.0,40.01557627
Oceania,Australia and New Zealand,Australia,AUS,36,Total Renewable,Wind energy,Onshore wind energy,Onshore wind energy,All types,2007,0.0,0.0,0.0,0.0,0.0,0.0,0.0,0.0,59.95921045
Oceania,Australia and New Zealand,Australia,AUS,36,Total Renewable,Wind energy,Onshore wind energy,Onshore wind energy,All types,2008,0.0,0.0,0.0,0.0,0.0,0.0,0.0,0.0,67.81855294
Oceania,Australia and New Zealand,Australia,AUS,36,Total Renewable,Wind energy,Onshore wind energy,Onshore wind energy,All types,2009,0.0,0.0,0.0,0.0,0.0,0.0,0.0,0.0,78.6209543
Oceania,Australia and New Zealand,Australia,AUS,36,Total Renewable,Wind energy,Onshore wind energy,Onshore wind energy,All types,2010,0.0,0.0,0.0,0.0,0.0,0.0,0.0,0.0,84.65351643
Oceania,Australia and New Zealand,Australia,AUS,36,Total Renewable,Wind energy,Onshore wind energy,Onshore wind energy,All types,2011,0.0,0.0,0.0,0.0,0.0,0.0,0.0,0.0,95.13784342
Oceania,Australia and New Zealand,Australia,AUS,36,Total Renewable,Wind energy,Onshore wind energy,Onshore wind energy,All types,2012,0.0,0.0,0.0,0.0,0.0,0.0,0.0,0.0,112.6741032
Oceania,Australia and New Zealand,Australia,AUS,36,Total Renewable,Wind energy,Onshore wind energy,Onshore wind energy,All types,2013,0.0,0.0,0.0,0.0,0.0,0.0,0.0,0.0,139.3661467
Oceania,Australia and New Zealand,Australia,AUS,36,Total Renewable,Wind energy,Onshore wind energy,Onshore wind energy,All types,2014,0.0,0.0,0.0,0.0,0.0,0.0,0.0,0.0,161.7838991
Oceania,Australia and New Zealand,Australia,AUS,36,Total Renewable,Wind energy,Onshore wind energy,Onshore wind energy,All types,2015,0.0,0.0,0.0,0.0,0.0,0.0,0.0,0.0,175.5230301
Oceania,Australia and New Zealand,Australia,AUS,36,Total Renewable,Wind energy,Onshore wind energy,Onshore wind energy,All types,2016,0.0,0.0,0.0,0.0,0.0,0.0,0.0,0.0,178.7094327
Oceania,Australia and New Zealand,Australia,AUS,36,Total Renewable,Wind energy,Onshore wind energy,Onshore wind energy,All types,2017,0.0,0.0,0.0,0.0,0.0,0.0,0.0,0.0,219.883146
Oceania,Australia and New Zealand,Australia,AUS,36,Total Renewable,Wind energy,Onshore wind energy,Onshore wind energy,All types,2018,0.0,0.0,0.0,0.0,0.0,0.0,0.0,0.0,256.573161
Oceania,Australia and New Zealand,Australia,AUS,36,Total Renewable,Wind energy,Onshore wind energy,Onshore wind energy,All types,2019,0.0,0.0,0.0,0.0,0.0,0.0,0.0,0.0,310.7996673
Oceania,Australia and New Zealand,Australia,AUS,36,Total Renewable,Wind energy,Onshore wind energy,Onshore wind energy,All types,2020,0.0,0.0,0.0,0.0,0.0,0.0,0.0,0.0,397.6228953
Oceania,Australia and New Zealand,Australia,AUS,36,Total Renewable,Wind energy,Onshore wind energy,Onshore wind energy,All types,2021,0.0,0.0,0.0,0.0,0.0,0.0,0.0,0.0,407.1973982
Oceania,Australia and New Zealand,Australia,AUS,36,Total Renewable,Wind energy,Onshore wind energy,Onshore wind energy,All types,2022,0.0,0.0,0.0,0.0,0.0,0.0,0.0,0.0,403.2102026
Oceania,Australia and New Zealand,Australia,AUS,36,Total Renewable,Wind energy,Onshore wind energy,Onshore wind energy,On-grid electricity,2000,58.0,33.0,0.0,0.0,0.0,0.0,0.0,0.0,0.0
Oceania,Australia and New Zealand,Australia,AUS,36,Total Renewable,Wind energy,Onshore wind energy,Onshore wind energy,On-grid electricity,2001,210.0,76.0,0.0,0.0,0.0,0.0,0.0,0.0,0.0
Oceania,Australia and New Zealand,Australia,AUS,36,Total Renewable,Wind energy,Onshore wind energy,Onshore wind energy,On-grid electricity,2002,364.0,106.0,0.0,0.0,0.0,0.0,0.0,0.0,0.0
Oceania,Australia and New Zealand,Australia,AUS,36,Total Renewable,Wind energy,Onshore wind energy,Onshore wind energy,On-grid electricity,2003,703.0,190.0,0.0,0.0,0.0,0.0,0.0,0.0,0.0
Oceania,Australia and New Zealand,Australia,AUS,36,Total Renewable,Wind energy,Onshore wind energy,Onshore wind energy,On-grid electricity,2004,705.0,379.0,0.0,0.0,0.0,0.0,0.0,0.0,0.0
Oceania,Australia and New Zealand,Australia,AUS,36,Total Renewable,Wind energy,Onshore wind energy,Onshore wind energy,On-grid electricity,2005,885.0,740.0,0.0,0.0,0.0,0.0,0.0,0.0,0.0
Oceania,Australia and New Zealand,Australia,AUS,36,Total Renewable,Wind energy,Onshore wind energy,Onshore wind energy,On-grid electricity,2006,1713.0,819.0,0.0,0.0,0.0,0.0,0.0,0.0,0.0
Oceania,Australia and New Zealand,Australia,AUS,36,Total Renewable,Wind energy,Onshore wind energy,Onshore wind energy,On-grid electricity,2007,2611.0,1249.0,0.0,0.0,0.0,0.0,0.0,0.0,0.0
Oceania,Australia and New Zealand,Australia,AUS,36,Total Renewable,Wind energy,Onshore wind energy,Onshore wind energy,On-grid electricity,2008,3093.0,1441.0,0.0,0.0,0.0,0.0,0.0,0.0,0.0
Oceania,Australia and New Zealand,Australia,AUS,36,Total Renewable,Wind energy,Onshore wind energy,Onshore wind energy,On-grid electricity,2009,3824.0,1703.0,0.0,0.0,0.0,0.0,0.0,0.0,0.0
Oceania,Australia and New Zealand,Australia,AUS,36,Total Renewable,Wind energy,Onshore wind energy,Onshore wind energy,On-grid electricity,2010,5052.0,1864.0,0.0,0.0,0.0,0.0,0.0,0.0,0.0
Oceania,Australia and New Zealand,Australia,AUS,36,Total Renewable,Wind energy,Onshore wind energy,Onshore wind energy,On-grid electricity,2011,6085.0,2127.0,0.0,0.0,0.0,0.0,0.0,0.0,0.0
Oceania,Australia and New Zealand,Australia,AUS,36,Total Renewable,Wind energy,Onshore wind energy,Onshore wind energy,On-grid electricity,2012,6970.0,2561.0,0.0,0.0,0.0,0.0,0.0,0.0,0.0
Oceania,Australia and New Zealand,Australia,AUS,36,Total Renewable,Wind energy,Onshore wind energy,Onshore wind energy,On-grid electricity,2013,7960.0,3221.0,0.0,0.0,0.0,0.0,0.0,0.0,0.0
Oceania,Australia and New Zealand,Australia,AUS,36,Total Renewable,Wind energy,Onshore wind energy,Onshore wind energy,On-grid electricity,2014,10252.0,3797.0,0.0,0.0,0.0,0.0,0.0,0.0,0.0
Oceania,Australia and New Zealand,Australia,AUS,36,Total Renewable,Wind energy,Onshore wind energy,Onshore wind energy,On-grid electricity,2015,11467.0,4318.0,0.0,0.0,0.0,0.0,0.0,0.0,0.0
Oceania,Australia and New Zealand,Australia,AUS,36,Total Renewable,Wind energy,Onshore wind energy,Onshore wind energy,On-grid electricity,2016,12199.0,4683.0,0.0,0.0,0.0,0.0,0.0,0.0,0.0
Oceania,Australia and New Zealand,Australia,AUS,36,Total Renewable,Wind energy,Onshore wind energy,Onshore wind energy,On-grid electricity,2017,12597.0,5407.0,0.0,0.0,0.0,0.0,0.0,0.0,0.0
Oceania,Australia and New Zealand,Australia,AUS,36,Total Renewable,Wind energy,Onshore wind energy,Onshore wind energy,On-grid electricity,2018,15164.0,6409.0,0.0,0.0,0.0,0.0,0.0,0.0,0.0
Oceania,Australia and New Zealand,Australia,AUS,36,Total Renewable,Wind energy,Onshore wind energy,Onshore wind energy,On-grid electricity,2019,17712.0,7881.0,0.0,0.0,0.0,0.0,0.0,0.0,0.0
Oceania,Australia and New Zealand,Australia,AUS,36,Total Renewable,Wind energy,Onshore wind energy,Onshore wind energy,On-grid electricity,2020,20396.0,10207.0,0.0,0.0,0.0,0.0,0.0,0.0,0.0
Oceania,Australia and New Zealand,Australia,AUS,36,Total Renewable,Wind energy,Onshore wind energy,Onshore wind energy,On-grid electricity,2021,24535.0,10555.0,0.0,0.0,0.0,0.0,0.0,0.0,0.0
Oceania,Australia and New Zealand,Australia,AUS,36,Total Renewable,Wind energy,Onshore wind energy,Onshore wind energy,On-grid electricity,2022,29108.0,11966.0,0.0,0.0,0.0,0.0,0.0,0.0,0.0
Oceania,Australia and New Zealand,Australia,AUS,36,Total Renewable,Wind energy,Onshore wind energy,Onshore wind energy,On-grid electricity,2023,0.0,12911.0,0.0,0.0,0.0,0.0,0.0,0.0,0.0
